dotty, 11816, 2021-03-19T15:38:35+01:00, c3dccd6d44, 2021-03-19T16:54:01+0100, 75715.803 44016.002 38205.788 38206.715 36454.327 36182.666 36847.870 35701.534 35609.969 36300.897 35452.850 35553.842 36078.215 35253.004 35169.298 35996.752 35302.712 35149.816 35905.546 35060.093 35184.821 35833.718 34988.601 35113.777 35992.273 35234.599 35119.842 35868.607 35196.807 35086.481 , 35892.562 35161.987 35109.453 35485.598 36047.837 35595.828 35498.338 35291.676 35039.150 35705.873 35116.862 35037.728 35804.668 35231.280 35055.539 35831.191 35165.616 35103.046 35792.800 35023.353
re2s, 11816, 2021-03-19T15:38:35+01:00, c3dccd6d44, 2021-03-19T16:56:15+0100, 12098.693 4830.592 3765.372 3052.139 2584.379 2413.002 2329.985 2220.646 2184.671 2125.843 2084.328 2069.844 2032.112 1987.784 1976.598 1962.124 1934.191 1916.614 1932.563 1915.698 1916.036 1920.979 1914.832 1896.211 1874.010 1884.804 1888.063 1862.057 1905.293 1853.362 , 1860.469 1845.292 1859.876 1855.457 1855.270 1842.943 1853.296 1861.030 1856.052 1854.018 1837.383 1836.801 1839.346 1820.601 1803.250 1832.751 1825.270 1822.595 1817.664 1807.951
scalap, 11816, 2021-03-19T15:38:35+01:00, c3dccd6d44, 2021-03-19T16:58:29+0100, 12989.107 5121.317 3833.034 3251.551 2982.662 2721.012 2467.867 2432.761 2365.539 2274.851 2230.336 2171.584 2115.048 2052.161 1994.093 1968.800 1917.172 1894.801 1907.662 1865.788 1892.974 1861.158 1832.414 1828.765 1823.838 1794.271 1755.586 1781.245 1784.612 1754.433 , 1737.767 1718.499 1721.042 1731.793 1681.160 1711.171 1691.894 1665.308 1760.138 1654.469 1641.149 1645.740 1654.056 1654.535 1659.606 1662.404 1628.320 1619.958 1631.470 1652.629
stdlib213, 11816, 2021-03-19T15:38:35+01:00, c3dccd6d44, 2021-03-19T17:15:51+0100, 50970.232 27371.107 22617.662 21169.794 21724.150 20204.700 19895.465 19720.730 20643.911 19485.241 19549.775 19346.363 20428.186 19256.555 19234.691 19337.174 20269.740 19264.378 19271.693 19310.174 19250.951 19342.882 19271.109 19306.615 19173.040 19222.947 19255.101 19152.656 19240.918 19224.496 , 20398.177 19126.060 19073.663 19157.948 20276.285 19070.684 19197.245 19221.071 19165.842 19276.692 19138.044 19184.867 19108.608 20222.311 19004.446 19127.497 19135.987 19146.143 19279.352 19155.829
implicit-cache, 11816, 2021-03-19T15:38:35+01:00, c3dccd6d44, 2021-03-19T17:17:07+0100, 2943.251 443.227 301.295 241.261 201.967 155.196 138.150 137.029 133.602 131.268 124.862 121.527 123.015 115.077 117.805 109.775 106.332 106.175 100.962 101.188 99.693 99.837 96.891 96.595 97.154 95.696 95.859 98.682 96.031 94.727 , 94.827 92.232 94.722 91.443 92.066 93.644 90.345 92.309 91.367 92.256 90.115 91.064 91.046 89.960 88.849 89.001 87.564 87.607 86.987 88.524
implicit-cache-from-tasty, 11816, 2021-03-19T15:38:35+01:00, c3dccd6d44, 2021-03-19T17:18:44+0100, 2465.659 410.655 274.743 207.644 171.721 132.356 110.359 104.921 101.361 98.664 96.841 91.754 90.292 88.078 90.175 83.024 80.380 79.402 78.800 78.348 76.653 76.759 75.416 74.697 74.350 74.100 72.835 75.568 72.542 73.721 , 71.771 71.916 71.972 72.502 71.178 71.299 70.082 70.977 69.261 69.873 69.533 69.287 69.300 68.788 69.567 69.544 68.121 68.556 67.804 67.892
implicit-scope-loop, 11816, 2021-03-19T15:38:35+01:00, c3dccd6d44, 2021-03-19T17:20:00+0100, 2979.290 447.699 335.144 272.963 233.966 187.341 159.319 146.953 134.906 126.664 125.207 118.868 119.007 113.092 112.076 111.716 106.058 104.302 103.936 100.806 101.236 99.224 99.647 96.402 97.741 96.496 96.182 95.249 95.159 96.460 , 93.322 94.049 91.895 92.231 91.018 92.364 91.184 90.427 89.604 90.151 89.209 89.983 89.073 88.529 87.540 87.672 87.630 87.395 86.254 87.724
inductive-implicits, 11816, 2021-03-19T15:38:35+01:00, c3dccd6d44, 2021-03-19T17:21:32+0100, 5637.235 2369.020 2021.512 1723.213 1614.767 1498.967 1425.367 1395.498 1388.721 1375.968 1367.354 1370.923 1348.995 1341.041 1332.457 1337.715 1325.865 1321.666 1335.982 1313.543 1297.368 1290.158 1289.832 1282.780 1275.517 1293.067 1296.889 1269.496 1267.086 1255.198 , 1253.150 1263.163 1261.325 1255.605 1274.602 1247.718 1249.436 1241.628 1247.669 1236.192 1238.475 1234.476 1258.332 1234.926 1230.535 1232.108 1223.850 1224.638 1220.761 1223.265
implicitNums, 11816, 2021-03-19T15:38:35+01:00, c3dccd6d44, 2021-03-19T17:23:00+0100, 5542.037 1785.607 1263.922 1051.132 909.369 665.271 512.686 454.914 417.769 405.056 382.188 361.263 346.612 346.802 350.412 337.567 336.953 354.544 336.137 336.430 335.691 332.029 328.194 331.477 326.877 325.690 325.726 323.265 324.999 323.147 , 320.535 322.817 315.666 318.768 315.012 313.666 316.381 312.153 314.688 313.651 310.686 312.764 311.034 313.225 308.663 309.459 314.081 308.455 311.916 309.048
implicitNums-from-tasty, 11816, 2021-03-19T15:38:35+01:00, c3dccd6d44, 2021-03-19T17:24:44+0100, 3862.282 1016.686 678.442 535.898 429.775 309.444 228.490 206.521 194.391 187.074 185.234 183.160 185.765 179.769 186.256 176.739 175.535 174.189 173.466 169.890 167.724 166.289 172.616 169.329 164.925 165.709 162.478 160.717 163.063 160.287 , 160.986 161.244 159.003 161.344 158.911 160.175 158.542 160.690 158.351 157.529 158.638 157.997 157.705 161.186 156.561 155.794 156.090 155.167 155.834 155.523
find-ref, 11816, 2021-03-19T15:38:35+01:00, c3dccd6d44, 2021-03-19T17:25:57+0100, 2552.302 300.312 204.000 153.328 123.268 96.692 80.480 76.980 72.479 67.200 65.071 63.245 62.847 61.179 58.837 60.779 58.513 56.857 56.078 55.319 53.953 53.845 51.744 51.805 51.013 51.219 50.992 51.401 50.352 51.665 , 49.534 49.461 49.270 48.795 48.897 47.775 47.885 47.584 47.631 47.777 46.530 46.899 46.075 46.617 46.196 46.368 45.305 45.546 45.561 45.299
patmatexhaust, 11816, 2021-03-19T15:38:35+01:00, c3dccd6d44, 2021-03-19T17:30:02+0100, 4978.125 1537.303 1197.142 1019.526 867.937 739.490 676.754 569.314 510.011 475.062 450.448 412.243 389.063 373.096 369.011 358.061 343.728 338.192 360.403 351.429 4977.176 1603.522 1259.440 1048.357 923.402 784.953 668.693 567.728 507.626 460.444 427.326 394.538 376.602 358.583 347.956 332.332 325.886 341.941 324.429 325.501 4987.286 1564.169 1225.726 1031.855 882.196 752.507 668.606 569.274 513.826 473.647 442.734 399.533 376.668 355.621 350.664 330.207 327.207 336.249 326.662 326.299 , 339.487 334.386 322.380 309.000 309.223 307.738 297.000 296.273 295.656 285.109 290.710 290.556 283.794 271.437 278.760 267.042 271.196 271.284 263.152 261.368 267.694 262.921 259.945 257.731 261.644 256.837 257.889 258.385 252.010 248.587 258.972 246.986 253.259 249.232 251.772 255.020 243.269 245.314 246.556 247.457 328.674 319.813 310.914 319.062 299.534 296.700 295.097 292.985 287.444 283.540 279.811 276.289 272.189 278.522 267.581 269.169 270.759 265.239 258.680 266.355 259.943 254.570 258.366 253.706 254.174 256.693 250.084 250.658 258.473 246.977 242.686 254.103 242.668 252.163 254.235 242.349 242.002 242.794 243.246 241.382 327.461 322.021 308.124 308.703 310.239 300.869 296.460 294.852 288.141 285.558 283.993 276.147 271.461 274.415 265.581 261.957 265.213 260.741 256.175 266.139 259.051 255.529 260.760 255.820 265.455 254.831 252.860 247.217 257.499 251.579 245.350 254.291 243.775 246.049 251.359 242.660 245.879 242.484 238.350 239.327
exhaustivity-I, 11816, 2021-03-19T15:38:35+01:00, c3dccd6d44, 2021-03-19T17:33:57+0100, 4375.626 1297.170 1021.153 799.558 664.709 591.733 468.214 403.671 348.563 333.502 290.061 260.626 255.354 243.512 247.592 246.531 241.502 243.008 228.057 231.358 4406.409 1256.929 1018.222 819.634 685.474 605.867 508.036 446.340 396.357 358.990 315.633 282.865 268.944 252.516 244.476 243.389 235.330 245.430 231.900 229.657 4378.221 1303.518 1007.135 821.830 666.875 590.101 487.452 420.974 370.729 339.894 299.596 268.664 256.718 244.237 244.465 234.082 235.734 234.477 221.715 225.051 , 234.084 227.071 226.723 229.878 210.342 212.012 205.869 201.274 198.214 194.405 193.333 190.129 190.181 186.418 188.939 184.848 182.597 186.463 182.591 183.757 181.444 183.577 180.101 182.926 179.783 181.625 179.657 182.658 180.612 176.696 176.794 175.908 181.636 173.643 175.949 174.415 171.446 174.218 171.859 173.168 241.915 230.236 221.594 218.437 212.172 218.056 207.796 203.931 203.059 195.744 194.638 194.204 191.594 192.676 189.211 193.441 187.808 190.549 186.515 186.909 183.001 185.074 181.006 181.179 182.898 180.660 183.776 182.171 182.500 180.283 181.828 177.354 176.009 186.534 177.803 175.871 175.125 175.901 175.628 172.624 234.037 220.813 216.925 209.753 204.083 207.910 202.610 200.712 195.250 193.523 189.365 190.551 190.020 187.150 187.440 181.289 183.416 181.142 180.198 181.338 177.263 180.189 178.104 180.482 176.835 178.833 177.373 179.069 180.156 177.166 176.158 174.559 182.052 173.978 173.520 173.034 170.199 172.605 169.320 171.090
exhaustivity-S, 11816, 2021-03-19T15:38:35+01:00, c3dccd6d44, 2021-03-19T17:39:22+0100, 4931.352 1510.257 1145.011 1056.052 1028.712 1008.344 970.931 923.177 900.956 887.320 869.967 858.262 856.453 844.868 836.091 832.728 829.108 822.240 821.695 815.220 4935.228 1617.267 1206.763 1129.661 1102.697 1074.668 1052.388 1012.570 987.647 964.465 947.706 933.307 920.923 916.521 907.639 904.147 893.055 888.193 886.574 891.783 4902.665 1602.454 1244.614 1164.732 1096.308 1057.702 1054.776 1005.096 976.747 950.976 933.758 915.886 901.047 893.004 901.551 884.118 876.042 870.985 872.208 874.090 , 818.678 801.876 804.653 804.973 807.569 796.510 801.663 800.438 798.104 791.683 791.476 794.592 792.824 790.857 790.981 789.269 782.739 790.089 790.520 786.614 785.572 789.848 784.658 782.010 783.250 785.980 781.277 779.976 780.504 777.735 781.579 780.395 777.385 773.252 774.783 777.793 775.542 770.908 776.670 771.883 882.429 873.950 877.253 871.298 866.553 869.019 864.595 864.766 863.272 863.707 858.814 856.362 854.731 852.542 850.494 860.803 853.994 852.598 850.874 852.361 847.075 848.436 849.449 845.413 845.698 846.514 847.461 845.373 847.559 838.457 841.112 839.200 844.750 839.486 838.494 842.098 837.512 841.415 836.104 841.980 863.659 858.704 860.046 855.107 849.995 853.961 847.651 849.592 850.778 847.721 842.953 847.222 845.321 839.602 839.973 849.449 842.262 837.550 837.897 840.910 835.366 840.004 838.961 832.394 831.323 833.731 835.236 834.931 834.253 830.092 828.038 826.976 834.389 831.848 828.342 830.362 823.948 832.039 822.426 829.529
exhaustivity-T, 11816, 2021-03-19T15:38:35+01:00, c3dccd6d44, 2021-03-19T17:43:22+0100, 4322.054 1238.526 804.133 654.700 587.535 551.931 520.344 495.277 504.208 461.726 454.207 448.461 439.125 434.326 430.696 426.303 420.308 417.108 415.051 413.600 4473.100 1150.256 805.912 647.934 562.511 522.040 483.486 460.405 453.535 426.741 415.523 413.877 409.053 403.957 402.147 397.216 388.736 388.755 389.949 387.108 4328.589 1253.678 793.503 618.968 565.989 529.209 489.514 459.200 462.585 436.428 425.414 418.749 415.438 407.204 396.938 397.570 397.152 391.386 387.754 384.702 , 408.341 407.607 404.966 399.344 402.449 397.469 396.893 397.862 405.326 403.066 398.960 401.050 399.869 397.121 398.101 395.168 394.911 391.875 392.570 393.605 393.956 393.532 389.730 390.620 389.225 393.863 390.406 386.119 388.431 388.438 388.139 387.807 388.004 385.229 384.769 388.232 387.799 385.153 387.567 389.189 380.026 379.735 376.166 375.263 373.141 370.729 368.609 367.613 367.492 363.112 365.387 364.861 361.080 362.311 361.841 359.432 358.992 357.851 356.763 360.178 360.124 355.545 355.027 356.924 354.972 359.045 354.636 353.181 353.371 353.446 350.677 351.003 352.471 350.249 350.838 352.881 351.801 352.390 352.469 351.236 382.672 379.303 379.119 378.065 373.668 372.722 370.782 374.089 367.239 366.273 364.985 369.068 361.642 363.039 364.738 360.524 360.257 359.897 360.112 358.999 357.481 356.307 355.378 358.567 354.672 359.899 355.044 355.018 354.619 356.361 353.468 353.394 353.731 352.998 352.340 353.317 356.170 352.702 352.566 354.513
exhaustivity-V, 11816, 2021-03-19T15:38:35+01:00, c3dccd6d44, 2021-03-19T17:48:29+0100, 5570.568 2411.517 1806.076 1686.905 1674.590 1609.254 1587.186 1556.658 1537.097 1528.263 1519.940 1519.295 1493.409 1501.943 1489.751 1480.959 1468.534 1469.829 1471.259 1477.745 5360.151 2311.073 1910.432 1838.760 1781.995 1740.301 1697.737 1670.344 1653.032 1640.726 1637.913 1622.936 1613.630 1614.341 1601.440 1579.906 1559.970 1556.046 1567.962 1582.945 5388.189 2319.628 1788.621 1718.046 1669.771 1613.861 1587.648 1561.882 1545.565 1543.583 1519.279 1509.684 1505.858 1499.186 1479.679 1469.918 1454.247 1460.752 1457.974 1464.381 , 1456.474 1467.647 1444.822 1454.369 1457.889 1459.698 1446.679 1454.693 1454.676 1457.146 1432.493 1429.313 1439.914 1438.260 1441.759 1435.008 1417.687 1426.647 1432.236 1419.064 1427.190 1418.185 1424.844 1428.705 1429.785 1419.695 1409.175 1409.915 1428.831 1426.226 1424.062 1410.916 1401.040 1414.600 1421.864 1415.018 1414.269 1425.285 1417.971 1407.294 1563.780 1556.031 1553.501 1551.170 1559.838 1559.008 1539.645 1549.297 1556.290 1552.353 1537.658 1532.043 1544.218 1531.774 1529.505 1526.607 1522.866 1539.990 1541.026 1522.552 1526.360 1528.844 1518.949 1519.398 1522.272 1518.311 1506.058 1512.710 1525.623 1519.450 1518.303 1504.592 1498.669 1514.525 1523.813 1514.355 1515.012 1516.363 1522.316 1509.561 1446.585 1447.721 1446.402 1445.073 1439.514 1444.044 1432.370 1447.803 1440.024 1439.978 1433.157 1425.311 1433.321 1430.454 1423.676 1414.410 1411.855 1428.653 1431.604 1417.798 1414.149 1414.997 1417.399 1417.650 1418.740 1418.611 1404.672 1424.014 1423.893 1421.690 1406.265 1405.093 1414.018 1414.229 1415.741 1421.631 1406.825 1419.061 1422.308 1406.870
exhaustivity-mips, 11816, 2021-03-19T15:38:35+01:00, c3dccd6d44, 2021-03-19T17:52:59+0100, 7313.040 2325.810 1815.072 1564.687 1384.101 1167.819 1086.805 1027.955 954.027 911.142 803.712 747.970 734.145 697.554 697.363 708.243 648.218 630.983 629.140 628.714 7151.013 2242.201 1785.853 1480.895 1344.961 1124.668 1098.826 1059.165 925.597 896.013 827.229 776.814 734.190 705.345 678.261 687.895 648.447 630.091 622.047 616.615 7012.338 2250.803 1769.963 1490.048 1315.398 1117.464 1045.814 1040.260 1070.290 941.181 854.730 819.616 767.145 759.516 709.870 712.375 663.300 634.334 630.242 624.034 , 605.492 587.830 606.297 581.294 573.371 570.922 582.115 563.359 555.170 552.724 556.527 556.505 543.421 542.474 526.971 526.737 518.364 527.355 512.959 525.945 510.074 513.607 509.832 510.049 553.256 525.161 503.790 500.196 511.621 504.468 487.602 492.061 487.490 500.856 483.846 482.204 487.144 478.790 477.596 478.459 602.255 607.306 602.775 589.223 586.284 588.261 579.174 568.735 562.816 574.021 547.400 546.405 532.685 538.092 527.971 519.607 518.799 522.019 513.453 537.379 539.177 512.545 507.444 503.273 522.023 494.525 500.969 496.314 491.978 490.416 484.918 488.005 486.075 475.035 484.258 471.717 475.111 469.124 468.390 470.760 605.112 591.770 578.049 584.783 576.824 575.665 579.398 561.440 557.893 554.964 564.196 540.983 551.649 534.941 556.156 531.480 527.183 520.414 536.496 515.142 534.419 539.284 508.193 505.636 515.679 522.230 492.713 487.636 509.608 490.605 495.720 481.554 490.869 488.287 476.667 493.337 470.568 471.197 475.764 469.571
i1535, 11816, 2021-03-19T15:38:35+01:00, c3dccd6d44, 2021-03-19T17:54:17+0100, 3414.769 667.321 449.142 363.707 301.862 253.247 207.365 187.877 178.353 166.023 161.282 163.093 160.450 154.967 153.129 145.815 146.060 138.080 134.492 135.608 131.100 132.179 131.541 127.551 126.455 123.691 123.185 122.693 121.817 122.201 , 119.613 121.289 115.693 114.992 117.849 114.460 119.924 113.436 117.742 112.917 111.387 114.533 112.375 114.215 111.185 114.909 110.252 110.454 112.069 110.489
i1687, 11816, 2021-03-19T15:38:35+01:00, c3dccd6d44, 2021-03-19T17:55:31+0100, 2664.099 350.303 252.762 193.804 157.746 128.385 100.265 91.787 84.520 79.101 74.751 73.859 71.677 72.023 66.769 67.030 67.438 64.059 63.759 62.164 62.209 63.087 62.438 61.053 59.962 59.701 59.717 59.793 58.439 57.838 , 57.466 56.883 57.487 55.915 55.960 56.398 56.658 56.282 55.765 56.204 55.306 55.886 55.255 55.704 54.975 55.561 55.570 54.581 55.456 54.141
empty-class, 11816, 2021-03-19T15:38:35+01:00, c3dccd6d44, 2021-03-19T17:56:43+0100, 2128.286 117.148 76.973 61.217 50.164 42.928 38.584 36.499 34.421 32.794 31.751 31.554 32.429 29.535 29.090 28.279 27.847 27.036 26.918 26.780 26.231 25.952 25.768 25.837 25.472 25.687 25.050 25.096 25.489 24.654 , 24.565 24.645 24.253 24.086 24.277 24.045 23.967 23.998 24.101 24.002 23.834 23.596 23.576 23.508 23.621 23.468 23.399 23.606 23.490 23.243
empty-object, 11816, 2021-03-19T15:38:35+01:00, c3dccd6d44, 2021-03-19T17:57:56+0100, 2355.634 207.188 134.153 104.618 87.472 71.796 65.041 61.911 58.917 55.322 53.285 52.600 51.103 52.178 48.084 47.017 46.263 44.679 44.530 43.623 43.578 42.267 42.783 42.200 41.836 40.613 40.873 40.822 41.070 40.082 , 41.089 40.259 39.933 40.035 39.625 40.274 39.403 40.187 39.451 39.879 39.579 39.733 39.153 39.184 39.099 38.613 38.966 38.697 38.869 38.864
empty-file, 11816, 2021-03-19T15:38:35+01:00, c3dccd6d44, 2021-03-19T17:59:08+0100, 1392.051 30.628 16.358 10.726 9.631 8.869 8.506 7.882 7.928 7.386 7.067 6.881 6.617 6.487 6.433 6.643 6.374 6.224 6.190 6.206 6.208 6.071 6.118 5.864 5.910 5.836 5.857 5.816 5.849 5.832 , 5.818 6.162 5.834 5.792 5.816 5.856 6.041 5.939 5.951 5.772 5.725 5.677 5.907 5.969 5.912 5.712 5.536 5.615 5.759 5.577
power-macro-power-inlined-1, 11816, 2021-03-19T15:38:35+01:00, c3dccd6d44, 2021-03-19T18:00:46+0100, 2737.907 301.712 203.294 163.102 132.374 114.615 109.686 100.239 97.166 90.338 91.178 86.353 87.887 86.441 83.620 80.565 77.320 77.769 72.979 72.779 71.344 70.620 69.044 70.151 69.238 67.955 67.846 66.744 67.637 66.337 , 68.235 66.473 66.236 65.943 64.547 65.937 64.261 64.956 64.688 65.585 64.504 63.866 64.197 63.807 75.765 62.991 63.206 62.644 63.848 62.966
power-macro-power-inlined-1k, 11816, 2021-03-19T15:38:35+01:00, c3dccd6d44, 2021-03-19T18:02:27+0100, 4145.702 887.459 626.781 525.064 427.012 355.010 304.871 269.877 251.092 243.906 235.769 216.532 207.402 202.455 205.613 194.640 191.492 187.599 186.426 185.677 184.695 183.730 183.333 182.193 181.814 180.581 177.163 178.815 174.789 175.872 , 173.492 174.569 173.916 173.942 171.593 174.547 173.876 172.745 173.451 169.972 171.579 170.562 171.684 171.062 172.925 169.633 170.899 169.160 172.173 169.633
quote-string-interpolation-matching, 11816, 2021-03-19T15:38:35+01:00, c3dccd6d44, 2021-03-19T18:04:17+0100, 4578.834 1275.328 805.915 578.150 486.456 461.468 452.688 440.569 449.854 429.333 429.438 420.452 423.731 425.385 422.691 416.872 419.906 420.417 416.533 412.057 411.190 409.715 408.688 402.520 402.622 405.072 397.152 406.098 396.581 398.200 , 401.026 395.238 401.106 400.363 397.279 392.641 395.265 396.261 393.623 396.274 394.168 398.509 396.241 391.372 396.057 391.893 392.159 391.164 395.635 394.295
tuple22-creation-apply, 11816, 2021-03-19T15:38:35+01:00, c3dccd6d44, 2021-03-19T18:05:31+0100, 2646.333 358.569 264.550 207.427 174.751 149.139 117.473 97.138 89.784 84.384 84.280 86.449 84.440 79.741 86.520 78.769 78.133 76.378 74.143 73.888 72.518 72.836 71.122 72.306 72.008 70.664 71.397 69.753 69.690 68.431 , 69.061 67.937 68.956 67.789 67.494 66.796 67.841 66.039 66.488 65.545 67.259 65.055 65.502 65.413 65.488 64.891 65.936 64.706 65.522 64.899
tuple22-creation-cons, 11816, 2021-03-19T15:38:35+01:00, c3dccd6d44, 2021-03-19T18:06:47+0100, 3199.391 605.453 425.408 323.844 262.139 218.107 171.976 149.303 144.243 139.086 133.770 123.888 125.174 119.007 115.989 120.288 112.777 112.044 111.840 109.345 110.549 107.192 107.839 104.591 105.499 103.068 102.616 105.902 102.331 102.505 , 100.537 102.858 101.211 101.164 100.115 99.390 99.607 97.702 98.722 95.907 96.868 95.843 96.696 96.212 95.486 94.091 94.943 94.319 94.193 94.027
tuple22-tails, 11816, 2021-03-19T15:38:35+01:00, c3dccd6d44, 2021-03-19T18:08:03+0100, 3140.761 569.770 417.935 340.726 287.568 238.561 188.098 164.856 160.092 147.337 142.734 131.598 125.459 129.597 122.844 127.480 119.096 116.089 117.080 115.424 113.939 110.717 112.127 108.939 112.353 107.671 108.704 105.905 105.919 107.212 , 106.121 105.665 105.110 105.620 102.512 104.054 102.310 103.452 102.522 103.210 100.616 101.333 99.864 102.317 100.249 101.609 99.885 99.798 99.624 101.482
tuple22-apply, 11816, 2021-03-19T15:38:35+01:00, c3dccd6d44, 2021-03-19T18:09:20+0100, 3098.027 541.522 393.817 311.949 263.519 228.982 183.562 158.728 145.045 132.735 125.653 121.290 118.263 116.616 113.001 116.955 112.031 106.086 108.090 105.076 102.883 104.219 100.969 103.674 98.887 98.900 97.825 97.646 99.660 96.683 , 98.749 96.668 97.737 95.002 95.945 94.680 94.520 93.758 93.163 92.823 92.839 93.212 92.457 92.662 91.178 91.776 92.254 91.067 91.248 90.374
tuple22-size, 11816, 2021-03-19T15:38:35+01:00, c3dccd6d44, 2021-03-19T18:10:36+0100, 3083.232 570.241 404.264 291.666 230.529 183.169 153.081 145.357 132.848 126.763 129.629 121.619 121.661 120.106 123.501 117.192 113.544 112.271 107.937 108.373 104.764 104.900 102.035 102.813 101.844 101.375 101.298 99.877 100.022 101.161 , 99.691 99.428 98.410 97.845 97.462 97.364 96.373 96.406 94.962 95.446 94.600 95.271 94.445 94.791 93.611 94.104 93.760 94.375 94.044 94.247
tuple-reverse, 11816, 2021-03-19T15:38:35+01:00, c3dccd6d44, 2021-03-19T18:11:31+0100, 1244.336 889.347 718.245 766.754 711.565 712.281 712.118 712.087 712.205 712.855 712.891 712.883 711.713 712.686 712.384 713.298 712.301 712.968 712.960 712.335 , 714.227 713.104 712.857 712.491 712.990 713.465 712.569 714.683 712.975 713.072 712.510 713.295 712.796 712.794 714.813 712.928 712.696 713.633 713.299 712.784
tuple-flatMap, 11816, 2021-03-19T15:38:35+01:00, c3dccd6d44, 2021-03-19T18:12:19+0100, 3592.723 2565.804 2214.374 2221.750 2221.703 2224.527 2217.667 2393.046 2211.222 2209.519 2210.510 2212.085 2212.224 2209.618 2209.552 2212.645 2212.818 2211.136 2212.040 2209.905 , 2216.255 2208.212 2213.149 2211.257 2215.032 2212.731 2209.970 2214.394 2210.485 2213.445 2210.473 2215.283 2209.261 2213.613 2207.491 2214.889 2211.015 2213.237 2209.480 2214.141
dotty, 10216, 2021-02-09T10:19:31+01:00, cd7df9c186, 2021-03-19T18:51:11+0100, 77807.907 43439.230 37866.239 37596.529 35812.336 35486.235 36082.248 35165.869 34885.278 35927.058 34750.689 34774.043 35341.331 34551.786 34535.387 35327.931 34574.511 34457.037 35243.740 34598.735 34329.215 35040.935 34372.314 34332.108 35298.482 34311.874 34390.376 35170.716 34370.453 34395.250 , 35159.160 34416.273 34288.819 35255.239 34391.284 34291.322 35013.454 34540.259 34253.016 34958.632 34152.865 34297.367 35139.406 34360.453 34230.975 35264.287 34483.693 34218.491 35046.867 34202.617
re2s, 10216, 2021-02-09T10:19:31+01:00, cd7df9c186, 2021-03-19T18:55:09+0100, 11974.211 5014.856 3856.731 3321.586 2665.319 2349.766 2266.796 2181.723 2112.013 2077.259 2026.369 1984.605 1975.100 1948.700 1909.085 1915.372 1887.429 1886.398 1895.394 1883.152 1852.481 1865.632 1838.778 1841.747 1824.329 1817.314 1865.558 1808.175 1813.138 1814.021 , 1807.087 1806.296 1796.769 1795.419 1808.648 1810.567 1801.934 1793.327 1797.629 1787.699 1799.345 1781.484 1784.273 1783.486 1773.682 1762.108 1781.310 1807.604 1777.035 1772.855
scalap, 10216, 2021-02-09T10:19:31+01:00, cd7df9c186, 2021-03-19T18:59:10+0100, 12770.806 5180.611 3917.329 3387.634 2937.746 2743.630 2565.012 2379.632 2398.950 2244.139 2207.843 2109.995 2024.424 2002.439 1967.675 1974.950 1893.831 1855.588 1870.032 1812.515 1863.083 1787.632 1788.180 1785.853 1764.282 1785.537 1734.708 1720.958 1745.641 1720.777 , 1768.418 1664.721 1689.327 1697.692 1645.568 1688.460 1657.508 1632.496 1704.812 1632.331 1653.604 1603.072 1612.885 1609.639 1619.360 1609.271 1575.951 1573.256 1570.512 1641.007
stdlib213, 10216, 2021-02-09T10:19:31+01:00, cd7df9c186, 2021-03-19T19:17:32+0100, 50535.517 26460.083 21763.894 20313.673 19810.235 20127.087 19065.999 18792.624 18733.381 18660.189 18794.156 18421.596 18547.339 18521.135 18505.509 18558.051 18420.490 18449.655 18387.686 19534.798 18266.591 18289.357 18240.850 18368.438 18754.301 18271.545 18230.004 18269.148 18240.325 18508.861 , 18280.614 18339.931 18242.113 18314.520 18503.471 18187.844 18262.829 18242.167 18234.432 18490.866 18272.218 18235.908 18206.158 18307.477 18466.353 18260.826 18229.433 18169.959 18173.978 18413.886
implicit-cache, 10216, 2021-02-09T10:19:31+01:00, cd7df9c186, 2021-03-19T19:20:36+0100, 2915.244 434.414 300.312 241.262 202.845 157.458 144.301 131.877 125.137 118.739 117.762 111.705 112.124 108.229 114.232 104.847 102.428 102.266 98.298 98.527 95.896 97.442 94.366 95.630 94.391 94.665 94.059 95.679 93.003 92.114 , 92.659 90.117 91.079 90.305 91.852 89.207 91.131 87.851 89.494 87.344 87.319 87.268 86.608 86.966 85.702 86.179 84.155 84.971 83.933 84.562
implicit-cache-from-tasty, 10216, 2021-02-09T10:19:31+01:00, cd7df9c186, 2021-03-19T19:25:52+0100, 2425.359 415.316 264.950 219.295 177.902 149.138 115.044 105.456 97.466 92.289 92.304 88.568 85.700 81.811 83.441 80.031 78.274 77.154 76.422 75.920 74.166 74.632 72.876 73.845 76.002 73.161 71.533 72.226 71.152 72.994 , 70.269 71.291 70.163 70.543 69.809 70.525 68.577 70.283 68.522 69.371 68.196 69.271 67.686 68.173 67.809 67.448 67.053 67.473 66.702 67.347
implicit-scope-loop, 10216, 2021-02-09T10:19:31+01:00, cd7df9c186, 2021-03-19T19:28:56+0100, 2972.647 442.828 297.412 238.134 202.052 174.401 156.550 146.552 140.162 132.618 128.695 122.540 122.802 116.712 118.630 110.260 106.638 105.405 103.463 104.148 101.762 101.387 103.458 99.325 102.847 104.103 98.168 95.774 98.030 96.009 , 97.590 94.823 94.973 95.303 95.219 94.760 93.982 92.848 91.686 92.609 91.995 93.097 91.246 93.497 90.528 91.241 89.377 90.632 88.423 89.857
inductive-implicits, 10216, 2021-02-09T10:19:31+01:00, cd7df9c186, 2021-03-19T19:32:24+0100, 5699.642 2537.137 2083.043 1804.964 1694.740 1657.711 1607.252 1572.124 1529.114 1547.401 1490.032 1475.171 1492.432 1448.320 1441.041 1452.950 1413.826 1416.534 1426.225 1408.101 1402.816 1399.704 1385.602 1384.527 1389.736 1380.791 1376.427 1384.862 1371.746 1373.415 , 1382.992 1367.415 1366.786 1380.412 1362.830 1374.885 1378.118 1361.176 1363.105 1367.487 1357.280 1357.441 1374.324 1355.824 1351.755 1367.571 1344.494 1347.998 1351.610 1350.683
implicitNums, 10216, 2021-02-09T10:19:31+01:00, cd7df9c186, 2021-03-19T19:35:39+0100, 5434.610 1821.743 1261.024 1070.400 854.942 580.625 477.430 424.594 409.456 387.082 376.591 369.391 355.149 352.899 352.248 340.894 338.984 358.121 335.916 340.000 340.779 333.841 333.473 337.707 331.744 325.640 329.640 323.253 326.578 323.515 , 319.334 323.867 321.752 315.558 318.247 315.154 317.737 314.383 313.684 317.618 315.256 319.868 311.423 311.222 314.985 310.534 313.433 313.369 309.418 312.319
implicitNums-from-tasty, 10216, 2021-02-09T10:19:31+01:00, cd7df9c186, 2021-03-19T19:40:55+0100, 3849.577 1055.253 626.030 456.898 318.578 231.461 203.456 190.073 179.774 178.838 172.931 173.539 170.577 170.848 173.296 165.503 165.945 163.942 161.506 158.038 158.683 157.980 155.659 170.190 152.875 154.637 152.205 153.919 150.618 154.160 , 150.706 150.567 151.708 149.505 150.916 149.246 150.535 149.611 153.425 148.633 150.354 149.640 148.882 149.420 147.160 148.244 148.349 148.667 147.475 147.634
find-ref, 10216, 2021-02-09T10:19:31+01:00, cd7df9c186, 2021-03-19T19:43:56+0100, 2532.717 292.814 187.979 141.009 113.087 92.020 77.664 75.448 71.450 68.607 67.378 63.203 63.082 61.452 59.647 59.869 57.771 56.134 53.607 53.794 52.063 53.570 51.024 51.181 50.078 51.602 50.513 49.470 49.422 49.107 , 51.094 48.443 48.157 47.905 47.019 47.181 46.656 46.744 46.281 46.005 45.507 45.975 45.499 46.033 45.487 44.810 45.381 44.953 45.129 44.862
patmatexhaust, 10216, 2021-02-09T10:19:31+01:00, cd7df9c186, 2021-03-19T19:49:47+0100, 5008.869 1557.844 1216.700 1020.768 868.587 746.626 648.886 544.801 478.573 425.662 407.568 375.620 359.215 350.555 351.083 334.593 330.581 330.379 319.006 314.538 4944.901 1515.691 1214.112 1007.570 867.732 739.889 641.100 535.285 475.823 434.560 404.018 371.968 352.291 342.971 351.417 335.785 331.608 334.029 322.424 312.017 4986.109 1539.189 1206.063 1007.213 860.312 736.305 628.620 527.893 472.671 430.325 402.275 371.707 354.222 342.980 346.071 328.298 322.112 334.833 315.306 306.473 , 320.044 323.063 297.740 294.295 288.662 282.199 289.186 272.867 274.633 271.191 273.742 266.765 265.360 269.056 259.631 258.645 263.218 253.952 257.950 262.927 250.926 252.149 254.764 248.055 248.370 251.365 253.343 244.875 266.404 244.356 245.353 243.048 243.508 246.533 237.472 239.478 241.825 236.028 239.649 236.197 307.799 309.006 293.765 295.197 301.829 289.044 289.622 289.866 283.654 278.248 280.650 269.736 268.463 269.147 261.956 261.327 263.980 255.199 259.737 263.675 253.929 254.481 254.253 261.059 253.586 254.749 250.199 253.686 255.467 252.278 241.288 246.978 241.042 242.462 243.767 236.917 244.754 239.998 235.810 237.771 315.950 307.334 300.696 302.859 297.365 291.591 281.779 279.727 277.486 269.726 280.510 266.473 265.180 267.396 258.136 258.370 261.571 255.372 259.119 264.790 251.628 251.171 250.721 259.831 248.451 250.850 251.145 247.163 261.978 251.293 242.353 250.799 242.038 246.400 245.789 238.319 243.320 241.445 236.846 239.117
exhaustivity-I, 10216, 2021-02-09T10:19:31+01:00, cd7df9c186, 2021-03-19T19:55:27+0100, 4333.068 1217.141 903.113 687.032 596.149 525.810 431.098 375.058 341.875 312.891 285.629 269.489 257.382 237.545 231.295 219.982 216.006 212.058 206.296 214.533 4369.587 1243.750 911.440 714.052 608.607 550.080 458.574 400.787 356.448 326.624 288.778 274.755 255.137 244.988 242.729 232.269 229.295 223.443 221.187 226.842 4327.877 1280.100 1010.429 793.364 655.936 585.874 486.116 413.339 371.182 350.299 306.757 280.956 270.056 244.838 233.478 224.662 218.722 221.206 209.505 215.390 , 211.539 206.257 234.356 196.719 200.158 190.850 189.656 193.024 189.225 186.952 185.999 184.721 182.428 182.801 178.374 176.774 179.054 177.088 177.935 174.369 176.099 172.214 174.113 172.399 171.111 174.360 172.706 171.702 170.659 172.089 166.566 173.919 168.278 167.458 168.196 166.951 168.357 163.467 166.047 164.531 218.952 213.151 214.348 206.662 206.468 206.235 198.256 197.191 193.594 192.205 189.503 188.435 189.107 188.784 186.350 185.091 184.216 182.329 182.542 179.425 179.692 182.850 177.629 181.624 180.282 180.888 178.372 179.043 174.165 176.303 174.576 175.188 177.643 172.791 173.146 170.166 171.047 170.877 169.043 174.464 224.795 218.599 213.704 205.544 202.131 206.900 195.757 196.900 191.843 192.249 188.728 188.669 189.520 186.169 186.232 182.754 183.120 179.537 181.472 177.433 180.154 183.171 176.733 180.192 177.735 178.164 176.863 179.989 176.038 175.580 173.997 172.691 179.666 172.872 172.712 170.580 171.154 172.148 168.142 168.823
exhaustivity-S, 10216, 2021-02-09T10:19:31+01:00, cd7df9c186, 2021-03-19T20:02:43+0100, 4872.987 2024.464 1308.498 1232.646 1194.846 1182.618 1141.928 1118.075 1094.775 1075.904 1066.677 1065.158 1049.026 1036.394 1142.887 1024.956 1009.158 1006.612 1009.573 995.364 4885.498 1856.805 1314.057 1252.883 1196.703 1171.376 1146.176 1126.207 1096.345 1091.134 1084.169 1058.172 1047.401 1041.239 1024.002 1019.181 1014.059 1009.452 1011.382 1006.944 4911.835 1673.672 1163.535 1105.748 1052.580 1029.983 1031.542 976.360 946.473 920.191 901.611 889.875 888.780 882.566 877.169 859.064 856.289 861.103 847.754 847.979 , 989.599 977.928 972.079 971.659 970.933 961.989 965.546 962.492 955.799 952.706 957.532 946.106 951.133 947.561 948.539 941.659 948.978 944.833 941.269 935.541 944.480 937.524 931.909 936.667 938.626 939.559 935.292 936.268 935.974 934.533 934.557 936.530 935.198 925.549 938.841 931.997 932.000 931.747 928.651 926.282 1019.261 1001.097 995.688 987.102 978.920 982.304 976.925 963.807 969.257 971.092 957.225 963.516 959.481 960.210 955.460 951.831 958.203 946.636 952.300 952.194 949.360 947.257 946.626 948.252 943.498 947.304 948.120 942.958 946.090 938.803 942.260 936.460 934.258 943.414 941.587 936.557 935.653 939.295 934.878 931.981 849.027 848.428 841.552 838.742 837.466 835.424 828.412 835.485 829.198 831.981 826.368 824.134 824.941 821.066 816.700 828.041 815.865 820.784 820.298 818.662 818.565 819.440 814.560 813.382 808.469 817.844 817.611 814.719 805.686 806.109 809.231 818.482 807.153 813.129 808.805 804.179 804.808 808.133 811.513 808.397
exhaustivity-T, 10216, 2021-02-09T10:19:31+01:00, cd7df9c186, 2021-03-19T20:08:31+0100, 4296.018 1479.331 1105.642 724.526 635.704 578.292 545.142 532.541 515.409 503.273 483.388 465.001 456.713 452.324 450.934 450.002 442.309 442.136 438.518 432.537 4359.647 1390.266 1080.877 686.335 585.378 528.569 509.664 506.256 507.537 527.472 481.959 465.012 457.523 443.487 450.944 442.877 442.703 436.909 437.973 435.340 4380.590 1149.997 769.305 599.722 547.362 506.231 472.537 440.951 444.938 416.260 402.734 398.121 390.416 386.546 377.982 380.883 376.382 370.842 373.401 370.301 , 433.749 430.416 426.620 421.700 421.509 424.937 416.293 415.497 414.947 409.243 410.287 409.261 408.778 406.905 406.968 404.576 405.007 401.924 400.668 399.262 402.311 399.981 396.287 397.876 397.444 397.754 400.077 398.966 397.046 396.392 397.204 394.117 395.242 393.987 393.290 396.029 395.159 395.863 395.469 393.985 425.847 427.649 427.765 424.028 419.327 421.415 415.852 412.785 412.547 408.527 406.347 405.177 403.347 400.440 401.382 402.768 403.149 397.455 395.816 394.099 396.654 394.864 392.345 391.325 391.232 392.646 392.537 389.309 390.430 389.295 387.887 388.815 386.082 387.503 387.164 387.235 386.446 387.939 385.441 385.687 365.924 361.657 364.750 362.469 353.867 356.926 351.485 351.080 347.810 349.202 345.918 348.748 344.522 342.807 343.096 341.033 340.572 339.753 342.202 341.929 337.605 337.986 340.181 337.149 337.422 342.281 336.916 337.683 336.584 336.790 337.157 335.194 335.703 333.968 334.766 336.046 334.943 335.026 335.736 335.530
exhaustivity-V, 10216, 2021-02-09T10:19:31+01:00, cd7df9c186, 2021-03-19T20:15:39+0100, 5389.487 2522.168 1946.905 1902.519 1830.029 1783.474 1758.255 1725.271 1718.130 1710.592 1684.872 1682.842 1668.806 1652.928 1657.030 1626.888 1629.095 1637.921 1631.308 1614.173 5347.432 2818.533 1966.365 1922.720 1824.296 1773.162 1755.091 1722.653 1719.665 1704.409 1675.990 1677.398 1686.477 1652.362 1652.015 1628.856 1643.414 1636.258 1630.670 1612.605 5253.734 2249.169 1833.874 1766.358 1681.516 1638.402 1611.832 1577.096 1551.303 1566.929 1535.914 1529.246 1512.180 1514.744 1519.164 1502.690 1486.761 1487.340 1492.596 1472.297 , 1611.882 1603.192 1608.042 1604.302 1607.017 1604.044 1603.093 1603.652 1594.698 1607.782 1596.038 1602.099 1587.157 1581.062 1584.835 1592.022 1595.919 1579.412 1578.308 1582.739 1589.339 1581.653 1578.258 1577.592 1593.727 1573.750 1575.238 1574.989 1579.675 1581.531 1567.466 1581.006 1568.189 1575.516 1585.626 1581.337 1565.683 1562.459 1564.666 1575.654 1627.314 1624.954 1608.881 1610.790 1621.239 1611.333 1595.150 1599.494 1603.666 1616.181 1595.695 1596.547 1596.651 1604.759 1591.285 1592.480 1581.943 1603.182 1597.000 1580.588 1588.909 1602.379 1599.647 1583.796 1580.200 1597.769 1591.121 1581.903 1591.509 1577.481 1581.347 1585.574 1580.658 1574.999 1587.080 1581.152 1574.880 1576.351 1580.989 1584.574 1481.367 1467.609 1476.026 1480.029 1477.689 1460.740 1452.219 1460.082 1459.898 1470.979 1453.061 1455.074 1464.568 1468.412 1446.474 1451.278 1434.365 1454.933 1454.738 1451.243 1450.771 1434.678 1450.345 1441.885 1461.836 1436.989 1452.750 1458.944 1456.681 1440.799 1434.359 1437.176 1443.177 1443.475 1436.698 1438.500 1419.743 1425.852 1441.176 1440.714
exhaustivity-mips, 10216, 2021-02-09T10:19:31+01:00, cd7df9c186, 2021-03-19T20:21:59+0100, 6912.736 2122.941 1708.040 1489.321 1303.290 1120.407 1033.837 938.067 877.769 851.587 798.314 773.395 731.712 722.676 683.851 685.686 645.005 622.195 639.907 609.920 6999.812 2020.920 1632.321 1448.352 1228.589 1071.487 1047.120 1026.217 1025.065 963.995 849.515 777.602 746.088 695.992 679.866 656.024 658.101 618.218 609.667 609.972 7112.120 2191.985 1767.063 1496.479 1376.814 1179.748 1100.207 1016.168 917.501 872.799 817.970 769.306 754.639 703.885 675.809 670.064 640.668 624.155 607.093 612.631 , 591.585 589.979 590.030 570.368 564.046 571.883 562.083 549.870 542.540 557.076 529.128 532.197 513.147 523.578 508.701 514.716 522.159 506.366 508.546 499.135 527.345 507.763 501.111 490.727 480.551 485.380 483.082 472.686 477.364 466.292 473.189 466.035 466.194 469.552 460.186 466.941 459.668 461.502 462.438 458.604 590.939 570.324 567.614 589.871 562.581 561.123 548.664 557.889 540.010 535.680 550.884 528.243 527.221 517.157 514.993 504.718 514.096 505.514 498.803 497.043 510.619 491.271 500.498 519.088 488.061 477.684 487.409 475.159 481.461 474.777 473.987 471.032 461.282 468.206 457.639 457.105 467.938 459.261 462.874 456.641 582.096 573.464 573.320 558.741 561.786 565.120 558.108 542.430 542.717 531.976 539.634 539.510 531.671 519.547 539.826 515.627 512.778 517.798 506.809 514.199 504.244 510.974 496.929 498.779 494.345 486.760 510.166 502.114 482.702 487.590 485.928 491.849 479.499 472.104 478.324 460.792 463.170 470.795 461.045 468.730
i1535, 10216, 2021-02-09T10:19:31+01:00, cd7df9c186, 2021-03-19T20:25:04+0100, 3380.182 656.654 460.446 375.286 305.881 258.705 219.684 202.925 188.876 179.707 162.933 156.490 146.786 145.417 148.067 137.314 136.853 135.324 130.900 130.756 128.139 127.051 129.812 125.566 125.581 121.410 122.506 121.046 119.922 119.819 , 117.678 120.123 114.556 113.762 116.430 113.492 117.122 113.441 114.773 111.375 110.649 108.667 109.941 108.912 106.999 109.269 106.847 108.482 107.449 108.703
i1687, 10216, 2021-02-09T10:19:31+01:00, cd7df9c186, 2021-03-19T20:28:07+0100, 2627.691 347.316 242.282 184.309 151.458 125.395 96.642 85.764 82.969 77.130 74.784 74.198 71.666 72.176 68.496 69.167 67.410 65.515 65.552 64.178 62.299 64.035 62.990 61.850 61.305 61.392 59.605 59.380 60.444 59.361 , 59.388 58.335 58.846 57.925 57.242 58.008 58.333 57.176 56.777 57.321 56.911 57.460 56.227 56.433 56.625 55.793 56.695 55.898 56.154 55.594
empty-class, 10216, 2021-02-09T10:19:31+01:00, cd7df9c186, 2021-03-19T20:31:06+0100, 2144.792 114.319 75.929 60.873 49.576 42.354 37.784 35.350 34.500 32.314 32.089 30.942 31.427 28.695 28.312 27.544 27.061 26.397 26.600 25.444 25.404 24.996 25.207 25.290 24.913 25.063 24.614 24.791 25.029 25.231 , 24.024 23.973 24.024 23.816 23.769 23.684 23.571 23.751 23.425 23.305 23.159 23.282 23.305 23.252 23.089 23.033 23.215 23.128 22.943 23.138
empty-object, 10216, 2021-02-09T10:19:31+01:00, cd7df9c186, 2021-03-19T20:34:10+0100, 2373.840 206.708 144.327 112.737 93.411 77.988 67.019 62.292 57.342 56.774 54.165 52.472 49.332 48.857 48.953 46.431 46.816 44.729 45.231 43.159 43.398 42.219 43.027 41.514 42.180 41.090 41.091 40.958 40.647 42.420 , 40.748 39.840 40.570 40.484 39.733 40.382 39.747 40.079 39.342 39.740 39.435 39.889 39.490 39.152 39.118 38.443 38.908 38.873 38.837 38.488
empty-file, 10216, 2021-02-09T10:19:31+01:00, cd7df9c186, 2021-03-19T20:37:10+0100, 1403.866 30.350 16.552 11.251 9.785 9.147 8.518 7.610 7.533 7.051 6.744 6.418 6.342 6.274 6.255 6.271 6.108 5.994 5.936 5.837 5.967 5.790 5.672 5.676 5.750 5.645 5.635 5.672 5.627 5.634 , 5.647 5.653 5.636 5.875 5.646 5.834 5.656 5.644 5.458 5.359 5.383 5.359 5.486 5.429 5.398 5.267 5.307 5.300 5.373 5.257
power-macro-power-inlined-1, 10216, 2021-02-09T10:19:31+01:00, cd7df9c186, 2021-03-19T20:42:25+0100, 2738.512 293.061 192.112 145.044 117.599 111.359 107.694 100.300 99.348 91.837 89.057 85.539 88.509 82.584 80.606 76.447 74.410 73.274 72.507 71.328 71.147 69.307 70.353 68.679 68.318 67.738 68.036 68.369 66.325 66.231 , 65.439 66.574 65.575 64.310 64.856 64.450 64.450 65.227 63.708 65.969 63.252 64.103 63.184 63.857 63.689 62.690 71.989 63.086 63.086 62.551
power-macro-power-inlined-1k, 10216, 2021-02-09T10:19:31+01:00, cd7df9c186, 2021-03-19T20:47:43+0100, 4106.435 1004.443 754.815 605.986 546.756 426.555 352.320 305.374 274.140 257.218 228.550 219.845 227.274 226.255 205.664 199.560 190.411 193.875 186.646 185.866 183.380 182.084 178.449 179.462 175.882 179.721 174.292 179.999 173.836 175.791 , 171.859 172.911 171.829 171.254 171.981 167.972 170.059 169.076 170.637 167.914 170.071 166.921 170.062 167.107 167.356 166.128 167.933 168.674 166.394 166.333
quote-string-interpolation-matching, 10216, 2021-02-09T10:19:31+01:00, cd7df9c186, 2021-03-19T20:53:07+0100, 4414.231 1254.963 1008.379 731.277 552.349 480.024 467.364 460.093 443.828 453.824 436.576 437.496 433.396 428.103 436.597 430.400 427.256 425.472 422.431 424.617 414.682 420.285 416.275 423.126 418.609 415.555 413.890 409.259 411.258 406.473 , 409.662 415.943 410.172 411.181 409.749 411.753 409.523 407.655 407.966 401.020 405.511 406.116 406.955 408.519 403.367 410.203 402.512 403.076 406.496 402.599
tuple22-creation-apply, 10216, 2021-02-09T10:19:31+01:00, cd7df9c186, 2021-03-19T20:56:08+0100, 2634.172 355.747 262.887 208.197 175.654 149.771 112.088 95.198 86.686 81.046 79.716 78.075 79.099 77.294 80.524 74.770 74.780 72.430 72.197 70.376 68.948 69.276 68.208 69.855 66.961 68.806 67.425 67.041 69.454 65.931 , 65.429 65.592 65.010 65.206 63.953 64.869 63.648 63.879 63.128 64.525 63.054 63.289 62.863 63.311 62.519 62.841 62.081 62.691 61.798 62.318
tuple22-creation-cons, 10216, 2021-02-09T10:19:31+01:00, cd7df9c186, 2021-03-19T20:59:13+0100, 3182.567 598.143 433.243 355.178 314.188 283.141 226.805 196.980 169.029 148.763 133.394 127.247 122.380 120.588 115.798 117.002 122.717 115.163 117.422 112.767 111.543 112.642 108.036 109.758 106.690 104.939 106.440 104.964 108.653 103.170 , 103.179 101.513 103.685 100.718 100.514 101.856 99.441 100.861 99.121 101.698 97.915 98.927 98.352 97.837 96.537 95.818 96.935 95.575 97.141 95.052
tuple22-tails, 10216, 2021-02-09T10:19:31+01:00, cd7df9c186, 2021-03-19T21:02:18+0100, 3115.087 572.031 408.772 321.762 260.061 218.726 181.066 161.098 155.679 142.928 135.841 126.777 125.552 127.368 120.629 120.399 114.136 114.247 110.124 111.796 108.356 108.580 108.518 106.050 107.456 104.858 105.857 104.464 104.610 102.447 , 103.792 102.437 103.912 101.891 102.270 100.710 101.805 99.891 101.939 98.711 100.546 98.591 100.197 97.952 99.938 98.344 98.015 97.476 97.851 96.550
tuple22-apply, 10216, 2021-02-09T10:19:31+01:00, cd7df9c186, 2021-03-19T21:06:12+0100, 3080.334 533.001 389.793 297.152 251.770 219.396 172.435 153.080 136.946 132.039 126.655 118.765 116.142 115.786 111.778 115.063 107.874 106.335 106.862 103.084 102.276 100.602 100.673 100.814 98.248 98.390 97.336 98.767 96.767 97.064 , 98.603 96.261 97.051 94.346 95.503 93.029 94.139 92.451 92.632 93.340 92.511 92.607 91.962 93.461 92.294 91.421 90.757 89.947 90.621 89.792
tuple22-size, 10216, 2021-02-09T10:19:31+01:00, cd7df9c186, 2021-03-19T21:09:16+0100, 2860.141 426.354 298.922 228.396 187.698 151.862 124.028 116.505 105.987 103.201 100.317 99.519 97.972 95.294 96.116 91.527 88.214 87.297 83.825 84.569 81.941 82.429 80.572 80.017 78.438 78.788 78.752 77.607 77.798 77.931 , 77.116 74.934 75.331 74.711 75.054 74.629 74.574 73.715 74.285 73.159 74.265 73.117 73.433 72.700 74.504 72.642 72.985 72.481 72.734 72.097
tuple-reverse, 10216, 2021-02-09T10:19:31+01:00, cd7df9c186, 2021-03-19T21:11:52+0100, 1135.031 876.599 751.398 779.679 726.096 726.655 727.837 728.042 727.649 728.199 728.325 727.566 728.314 728.293 727.631 728.315 728.357 727.599 728.291 728.165 , 728.153 727.979 728.657 728.831 727.889 729.114 727.929 728.037 727.730 727.713 727.753 727.773 727.802 727.562 729.560 727.550 727.766 727.574 727.217 727.381
tuple-flatMap, 10216, 2021-02-09T10:19:31+01:00, cd7df9c186, 2021-03-19T21:14:27+0100, 3679.845 2709.344 2360.462 2365.721 2360.742 2362.197 2360.020 2552.500 2350.517 2356.947 2356.136 2357.155 2354.730 2356.302 2356.816 2354.179 2357.689 2357.198 2359.371 2354.737 , 2358.570 2355.659 2361.215 2354.516 2358.501 2355.136 2361.346 2355.857 2358.898 2355.171 2359.520 2355.119 2357.961 2355.648 2360.750 2355.036 2358.782 2355.613 2360.469 2357.385
dotty, 11820, 2021-03-19T19:37:04+01:00, 9c22ce7f30, 2021-03-19T21:50:57+0100, 77556.118 44118.204 38661.304 38500.498 36467.506 36152.431 36632.831 35952.988 35623.409 36473.718 35493.894 35655.226 36070.702 35416.710 35378.878 36198.874 35326.428 35196.203 35997.686 35200.850 35326.409 36019.008 35356.693 35371.111 35997.147 35085.678 35367.593 35944.469 35421.257 35166.976 , 36030.481 35155.460 35259.429 35707.827 35295.548 35182.206 35859.706 35322.783 35217.579 35580.717 35391.585 35106.301 35949.385 35277.709 35380.829 35751.322 35138.096 35104.309 35858.014 35186.169
re2s, 11820, 2021-03-19T19:37:04+01:00, 9c22ce7f30, 2021-03-19T21:53:20+0100, 12579.374 5435.453 3896.337 3336.489 3011.886 2760.848 2676.347 2432.849 2352.653 2285.867 2266.250 2213.873 2170.421 2178.097 2144.275 2141.945 2090.967 2093.742 2095.961 2087.068 2070.936 2056.175 2039.545 2036.631 2029.244 2029.912 2048.804 1997.234 2003.399 1983.974 , 2007.771 1997.011 1988.134 1996.023 1991.666 1985.479 1987.205 1970.430 1980.236 2003.610 1967.731 1970.692 1951.111 1969.882 1959.709 1959.830 1969.340 1965.553 1962.055 1958.040
scalap, 11820, 2021-03-19T19:37:04+01:00, 9c22ce7f30, 2021-03-19T21:55:33+0100, 12780.718 5199.635 4108.786 3358.087 3047.425 2779.599 2570.994 2499.406 2469.713 2303.331 2232.320 2092.956 2016.487 1993.912 1963.068 1977.107 1920.015 1873.273 1858.215 1870.788 1845.312 1821.996 1786.214 1808.830 1777.529 1784.316 1750.884 1756.534 1791.969 1767.381 , 1766.556 1705.683 1716.255 1702.288 1669.932 1706.565 1690.439 1676.345 1771.225 1654.596 1670.290 1662.236 1653.577 1655.693 1676.036 1639.333 1617.357 1616.082 1621.984 1640.948
stdlib213, 11820, 2021-03-19T19:37:04+01:00, 9c22ce7f30, 2021-03-19T22:12:14+0100, 50540.298 26304.650 22226.424 20343.568 21006.475 19346.939 18966.444 18984.702 18778.267 18710.432 18545.989 18551.086 18634.026 19613.654 18381.364 18451.746 18436.118 18424.751 18602.067 18477.973 18397.066 18393.949 19486.614 18305.840 18508.632 18297.980 19414.776 18266.407 18256.883 18408.076 , 18293.792 18466.314 18219.975 18340.249 18329.902 19468.866 18235.671 18267.000 18279.279 18314.943 18461.736 18202.301 18251.327 18334.022 19399.759 18166.194 18351.216 18217.218 18287.547 18351.286
implicit-cache, 11820, 2021-03-19T19:37:04+01:00, 9c22ce7f30, 2021-03-19T22:13:30+0100, 2910.499 440.508 301.736 242.772 209.551 167.371 152.780 143.859 130.321 126.675 125.686 120.128 118.778 111.614 107.807 108.899 102.190 103.772 98.678 100.710 98.212 98.285 97.192 95.542 95.298 94.683 96.479 92.415 95.415 93.907 , 93.144 91.081 91.473 91.832 90.327 92.582 89.571 92.573 88.929 89.768 88.227 88.698 88.735 88.271 87.345 87.006 87.300 87.063 85.922 87.421
implicit-scope-loop, 11820, 2021-03-19T19:37:04+01:00, 9c22ce7f30, 2021-03-19T22:15:28+0100, 2985.734 449.719 312.948 261.963 223.656 174.068 153.523 143.841 134.085 126.297 123.416 118.450 118.770 114.670 115.029 110.342 105.690 107.003 103.366 103.252 101.346 100.160 102.634 99.149 99.116 96.857 97.136 97.291 97.610 93.951 , 96.726 94.470 93.519 94.933 93.517 95.180 93.759 92.587 91.252 92.859 91.682 93.148 90.682 91.624 89.092 90.552 87.944 89.719 88.071 88.698
patmatexhaust, 11820, 2021-03-19T19:37:04+01:00, 9c22ce7f30, 2021-03-19T22:21:29+0100, 4979.278 1561.654 1238.722 1031.848 894.386 752.801 652.105 558.955 501.693 461.421 428.424 395.384 374.027 354.874 350.937 336.907 335.887 329.877 337.253 325.912 4973.192 1638.965 1300.289 1077.850 924.258 794.058 697.420 583.599 536.905 486.163 450.011 415.848 388.346 371.265 357.825 347.247 329.433 326.382 316.527 307.508 4990.286 1569.349 1221.078 1027.743 885.311 753.291 661.532 560.127 511.431 465.852 433.826 399.403 378.063 358.497 349.391 339.779 337.205 335.634 325.044 319.363 , 316.511 323.470 308.735 306.160 303.285 296.524 295.903 293.178 284.152 288.981 284.410 280.056 271.463 270.856 273.911 265.650 266.033 267.124 258.784 262.899 264.101 255.479 257.064 258.668 255.848 253.178 258.515 255.513 250.393 254.808 249.727 245.544 251.122 245.844 255.652 250.865 242.956 244.324 247.449 241.354 314.240 298.687 293.471 299.245 295.186 292.060 286.388 289.428 287.179 287.327 290.032 283.558 273.994 277.635 283.201 273.819 278.181 266.420 265.295 273.095 262.343 259.851 264.792 258.074 258.827 260.434 255.220 256.765 252.784 261.008 250.832 248.053 253.792 248.786 254.398 243.979 244.930 248.213 245.186 240.812 308.933 315.021 301.256 297.984 299.920 291.668 286.541 297.382 284.704 284.050 283.914 280.331 272.648 277.054 268.505 270.583 271.815 263.762 261.464 271.923 261.814 259.928 260.914 262.894 260.858 254.435 260.232 255.835 250.329 258.131 248.189 247.996 257.540 249.334 261.934 244.258 246.427 248.090 247.278 243.062
exhaustivity-I, 11820, 2021-03-19T19:37:04+01:00, 9c22ce7f30, 2021-03-19T22:25:24+0100, 4412.922 1306.810 1040.320 820.476 680.057 599.767 516.607 446.955 393.466 361.056 328.019 292.880 274.714 252.746 243.535 237.320 231.881 239.549 228.343 232.646 4387.486 1294.653 1016.696 816.417 685.025 615.800 507.937 451.898 403.052 366.679 322.836 289.079 274.606 248.695 242.744 233.521 225.663 230.821 215.756 221.586 4334.850 1290.913 1013.260 811.857 680.350 593.494 516.345 453.432 394.683 359.181 315.518 284.395 266.599 251.251 245.924 243.873 231.556 235.328 221.010 223.773 , 236.105 231.024 230.724 231.234 225.495 234.386 209.937 205.649 207.166 201.270 201.362 196.022 192.319 197.890 193.473 197.206 188.881 189.012 186.752 188.285 183.417 183.974 184.984 182.360 184.975 183.584 184.682 182.358 185.140 181.961 183.118 177.259 180.785 184.161 177.362 177.388 175.474 174.954 176.348 175.961 223.055 216.694 213.532 209.735 206.553 209.314 203.858 197.332 200.821 192.902 194.662 190.392 192.296 187.808 193.422 186.256 184.343 184.671 182.937 183.581 180.468 182.993 180.329 182.307 179.448 179.981 182.322 181.267 181.211 176.262 177.886 175.321 181.299 178.219 174.032 176.211 169.682 171.949 172.741 169.800 225.854 223.386 218.756 219.765 210.418 211.472 203.655 201.490 198.938 194.891 195.390 191.220 192.487 189.588 190.366 188.022 184.690 187.339 184.625 184.615 181.674 184.265 182.286 181.090 183.212 181.424 183.102 181.931 183.712 178.283 179.427 176.616 177.558 181.973 175.323 175.271 172.988 175.043 175.152 173.222
exhaustivity-S, 11820, 2021-03-19T19:37:04+01:00, 9c22ce7f30, 2021-03-19T22:30:47+0100, 4955.956 1506.219 1153.061 1105.163 1070.201 1019.107 1035.433 966.677 935.655 912.035 897.946 884.916 871.946 866.065 856.164 854.457 843.669 842.684 832.351 836.063 4946.234 1582.420 1241.847 1150.355 1111.814 1079.083 1026.398 1007.123 986.393 965.525 945.471 925.845 916.872 911.351 902.546 904.548 887.843 881.739 882.137 881.126 4963.387 1540.346 1174.821 1084.898 1056.885 1013.555 1028.286 968.262 942.344 913.446 905.456 898.439 878.386 875.650 872.328 858.668 847.285 849.875 841.623 844.538 , 829.901 825.426 822.037 819.461 818.784 818.195 818.213 821.310 812.970 822.463 805.242 804.846 806.128 803.445 803.524 808.470 805.136 801.911 799.319 799.148 804.293 800.252 793.269 796.497 793.943 795.200 795.106 794.273 793.368 791.162 788.937 796.098 794.992 788.281 792.156 786.690 790.173 792.651 788.895 789.149 873.466 868.140 869.529 863.345 858.785 861.823 853.979 854.934 853.736 859.436 854.484 853.309 851.101 848.941 844.053 851.334 852.370 847.714 843.464 846.113 844.691 843.546 841.882 837.217 838.498 841.522 840.201 839.429 840.339 834.032 834.273 837.804 841.001 834.321 834.154 841.087 835.431 836.045 832.914 837.446 841.461 834.755 830.156 825.267 824.285 823.503 816.753 819.878 815.155 821.452 813.358 813.772 813.816 813.210 809.032 811.528 809.534 809.901 809.271 805.931 808.230 810.990 799.356 801.291 804.905 805.692 802.293 800.821 798.709 798.792 796.429 802.329 797.452 799.320 797.041 796.245 794.678 802.202 796.876 795.993
exhaustivity-V, 11820, 2021-03-19T19:37:04+01:00, 9c22ce7f30, 2021-03-19T22:35:56+0100, 5360.893 2133.465 1734.497 1678.957 1620.904 1568.919 1539.749 1512.571 1496.738 1489.057 1467.872 1470.320 1451.109 1451.190 1444.896 1424.548 1410.019 1413.265 1416.008 1422.985 5406.043 2043.217 1690.557 1641.877 1594.759 1549.211 1520.397 1489.623 1471.951 1466.052 1446.012 1441.950 1432.688 1436.739 1421.742 1398.847 1386.600 1383.511 1388.494 1403.289 5452.099 2201.769 1720.287 1669.469 1620.105 1581.227 1532.340 1500.079 1484.212 1471.477 1461.477 1448.111 1430.045 1436.750 1427.077 1413.391 1400.401 1402.961 1412.239 1411.529 , 1405.041 1398.239 1398.078 1402.774 1407.131 1400.296 1384.406 1389.231 1399.598 1399.188 1384.008 1377.734 1393.714 1384.174 1370.072 1370.858 1358.376 1378.127 1378.993 1373.146 1368.344 1370.476 1369.871 1380.121 1378.592 1357.682 1347.382 1359.049 1364.235 1369.429 1372.415 1363.387 1355.143 1368.674 1366.617 1354.244 1355.471 1358.251 1368.473 1351.880 1370.936 1373.300 1376.567 1369.072 1367.731 1372.887 1360.815 1363.996 1370.710 1362.440 1355.695 1356.017 1360.055 1363.847 1358.423 1357.038 1338.786 1345.607 1350.947 1343.358 1348.104 1352.933 1366.466 1348.829 1346.803 1330.966 1329.687 1327.890 1346.084 1350.166 1337.100 1326.297 1320.988 1333.597 1341.013 1331.127 1330.550 1329.993 1346.126 1328.952 1390.245 1390.743 1391.761 1390.497 1390.369 1384.953 1381.067 1381.869 1386.366 1382.413 1370.656 1371.111 1376.744 1370.153 1361.706 1363.110 1346.463 1362.670 1367.504 1358.842 1357.320 1368.786 1366.067 1371.916 1361.014 1348.669 1338.153 1352.509 1359.247 1355.405 1350.695 1345.745 1346.552 1346.544 1358.142 1363.756 1349.689 1339.440 1365.182 1344.455
exhaustivity-mips, 11820, 2021-03-19T19:37:04+01:00, 9c22ce7f30, 2021-03-19T22:40:27+0100, 7319.792 2431.037 1853.771 1554.985 1391.355 1185.233 1090.296 1001.139 947.634 852.543 785.077 745.932 728.629 715.280 703.499 680.168 636.569 613.269 636.457 595.544 6972.774 2075.447 1593.914 1384.499 1334.999 1187.878 1040.650 1000.406 1033.390 1001.329 879.628 824.267 778.298 726.417 696.247 695.528 678.413 638.780 621.878 623.748 7150.823 2232.093 1787.855 1476.893 1320.851 1152.904 1088.876 1020.015 981.455 903.932 797.855 743.829 739.921 724.193 708.728 698.226 657.811 626.000 608.103 612.669 , 587.701 575.719 597.833 573.080 571.680 568.934 567.672 562.829 550.679 560.792 545.130 543.216 538.962 544.899 532.693 523.804 519.338 523.180 509.143 524.506 519.709 501.735 506.564 499.956 523.344 497.844 497.778 496.115 482.271 500.955 480.174 502.780 502.453 476.921 486.194 470.936 471.741 477.657 475.381 475.182 607.545 592.850 594.607 596.807 570.088 575.827 563.294 576.588 543.175 540.820 553.354 534.122 533.178 524.370 529.635 513.493 515.625 508.612 513.091 532.122 520.784 518.372 500.776 503.921 504.716 489.736 486.665 493.836 483.758 489.631 471.645 474.058 479.730 473.178 479.655 470.928 474.152 474.050 466.188 467.489 584.708 580.594 583.727 565.664 564.252 565.321 572.509 551.318 547.833 543.282 551.607 533.590 522.455 520.765 529.275 520.415 519.077 518.748 515.191 510.985 503.254 513.248 505.380 501.343 540.039 507.693 492.684 496.484 503.562 480.440 487.212 484.926 479.276 481.241 473.012 478.031 466.331 471.993 470.990 465.721
i1535, 11820, 2021-03-19T19:37:04+01:00, 9c22ce7f30, 2021-03-19T22:41:44+0100, 3427.076 656.842 450.155 370.252 322.041 274.794 217.435 193.305 183.739 168.085 159.430 157.560 149.320 150.234 147.241 137.478 137.803 135.707 128.261 132.673 128.111 128.699 130.389 126.459 124.426 122.601 121.858 126.104 121.169 120.444 , 117.424 119.927 116.226 114.673 118.294 114.268 116.711 112.476 115.772 112.038 112.276 113.205 109.867 112.801 110.844 111.818 107.972 110.673 108.206 108.952
i1687, 11820, 2021-03-19T19:37:04+01:00, 9c22ce7f30, 2021-03-19T22:42:58+0100, 2690.797 341.436 255.601 193.495 153.449 115.994 91.201 84.329 80.422 75.426 75.184 73.963 70.952 69.331 66.413 69.139 65.645 63.625 64.132 63.030 62.074 62.317 61.040 60.959 60.233 59.732 58.053 58.911 57.739 58.911 , 57.345 56.841 57.889 56.715 56.776 57.171 56.599 55.801 56.424 55.551 55.619 55.508 55.311 55.476 55.287 55.650 55.020 55.437 54.593 55.623
empty-object, 11820, 2021-03-19T19:37:04+01:00, 9c22ce7f30, 2021-03-19T22:44:31+0100, 2369.486 208.107 142.962 113.258 94.721 80.544 68.736 63.689 57.109 55.106 53.460 53.670 51.265 49.666 48.601 46.215 46.303 44.625 44.653 43.491 44.273 42.190 42.544 41.305 41.767 40.994 41.184 41.090 42.868 40.388 , 40.616 39.688 40.528 40.128 40.060 40.378 39.362 39.954 39.425 39.634 39.521 39.786 39.462 39.146 38.556 38.776 38.731 38.724 38.816 39.104
empty-file, 11820, 2021-03-19T19:37:04+01:00, 9c22ce7f30, 2021-03-19T22:45:42+0100, 1390.343 30.728 16.714 11.078 9.783 9.035 8.651 8.053 8.010 7.481 7.179 6.845 6.670 6.576 6.533 6.625 6.426 6.202 6.239 6.175 6.221 6.090 6.086 5.890 5.943 5.889 5.887 5.856 5.874 5.832 , 5.831 6.095 5.830 5.836 5.835 5.858 6.079 5.972 6.061 5.825 5.658 5.683 5.665 5.622 5.810 5.540 5.536 5.626 5.528 5.521
power-macro-power-inlined-1, 11820, 2021-03-19T19:37:04+01:00, 9c22ce7f30, 2021-03-19T22:47:20+0100, 2744.493 301.031 206.487 161.285 131.476 117.824 110.046 100.221 96.866 88.767 87.507 83.467 84.651 77.899 76.736 74.681 74.052 74.821 71.240 70.816 70.523 68.104 70.227 68.054 68.894 67.983 66.068 67.224 66.546 67.616 , 65.827 67.222 65.418 64.080 64.986 64.135 64.325 63.461 63.835 65.818 64.299 64.823 64.404 64.332 73.721 62.822 62.266 63.519 62.152 63.054
power-macro-power-inlined-1k, 11820, 2021-03-19T19:37:04+01:00, 9c22ce7f30, 2021-03-19T22:49:03+0100, 4143.586 895.032 649.157 533.825 455.508 342.020 299.738 278.527 258.969 270.374 247.977 226.518 220.709 209.611 213.081 194.017 194.660 191.125 186.076 186.830 186.814 186.640 181.302 182.936 177.905 179.229 177.972 179.052 174.959 176.122 , 176.552 173.611 175.017 174.653 175.180 172.558 175.113 172.253 174.715 171.417 172.949 170.789 170.966 170.914 172.449 170.852 169.822 170.731 170.909 168.609
quote-string-interpolation-matching, 11820, 2021-03-19T19:37:04+01:00, 9c22ce7f30, 2021-03-19T22:50:52+0100, 4634.381 1265.059 875.155 612.145 507.322 458.127 455.118 441.031 439.747 432.562 431.071 421.738 427.715 420.409 424.176 418.667 417.134 413.563 409.546 417.211 414.250 406.740 411.684 407.043 410.850 406.929 407.880 408.185 396.036 397.501 , 398.991 396.652 396.268 395.024 398.426 396.056 397.309 398.390 392.088 391.313 392.039 394.971 393.550 390.587 394.041 388.583 389.386 393.478 392.480 390.667
tuple22-creation-cons, 11820, 2021-03-19T19:37:04+01:00, 9c22ce7f30, 2021-03-19T22:52:29+0100, 3205.837 623.167 440.797 365.821 325.956 277.465 228.737 204.528 187.063 167.399 146.067 133.738 125.213 121.987 122.771 120.853 129.551 123.046 120.408 120.527 118.038 119.110 113.820 113.096 113.010 109.911 111.233 108.764 109.259 109.762 , 105.262 106.208 103.865 106.939 104.277 105.691 103.198 102.735 104.719 102.646 103.577 100.716 102.557 100.797 100.836 102.404 100.885 100.386 99.618 100.725
tuple22-tails, 11820, 2021-03-19T19:37:04+01:00, 9c22ce7f30, 2021-03-19T22:53:45+0100, 3154.699 585.306 409.103 316.572 263.147 214.588 181.278 159.369 152.055 147.161 143.471 134.679 136.616 129.888 128.156 130.452 120.560 119.854 114.869 112.797 113.306 110.130 112.119 108.116 109.176 107.163 108.681 105.549 106.558 103.868 , 105.855 103.748 105.531 102.820 104.001 101.145 103.347 100.906 103.769 100.668 100.921 100.604 100.391 100.553 99.832 99.786 101.244 98.148 99.146 99.301
tuple22-apply, 11820, 2021-03-19T19:37:04+01:00, 9c22ce7f30, 2021-03-19T22:55:00+0100, 3091.428 533.379 369.296 281.397 234.327 189.897 153.933 149.422 144.344 139.361 131.764 123.440 119.658 115.595 114.513 120.017 107.885 106.086 104.793 101.912 102.613 100.675 101.099 100.394 98.965 99.268 98.361 97.938 96.690 97.194 , 97.502 96.014 96.516 93.749 96.369 93.937 94.401 92.912 94.008 92.421 92.395 92.668 92.541 93.083 91.216 92.079 92.087 91.154 91.165 91.038
tuple22-size, 11820, 2021-03-19T19:37:04+01:00, 9c22ce7f30, 2021-03-19T22:56:17+0100, 3111.492 553.982 412.655 304.200 240.739 192.683 157.962 149.165 138.381 130.362 128.594 127.176 123.881 125.192 132.081 118.632 118.497 115.670 114.086 115.387 111.251 110.257 108.441 106.864 107.989 106.459 106.862 104.374 105.711 102.842 , 102.799 103.986 102.929 102.784 101.108 102.303 100.689 102.168 99.109 99.399 97.687 98.136 97.689 96.824 98.011 97.166 96.817 96.342 97.857 97.725
tuple-reverse, 11820, 2021-03-19T19:37:04+01:00, 9c22ce7f30, 2021-03-19T22:57:12+0100, 1148.084 727.355 761.360 821.926 767.562 766.810 767.873 767.007 768.348 768.579 767.578 768.806 767.971 768.388 768.658 767.636 766.428 765.357 765.875 766.002 , 765.835 765.553 766.013 766.083 765.589 765.614 765.786 766.014 765.547 765.707 765.634 765.612 765.567 766.661 765.787 765.657 765.962 765.661 765.919 765.864
tuple-flatMap, 11820, 2021-03-19T19:37:04+01:00, 9c22ce7f30, 2021-03-19T22:57:59+0100, 3610.038 2706.637 2352.714 2355.788 2350.766 2354.956 2351.298 2535.857 2351.622 2348.361 2351.830 2351.550 2351.924 2350.333 2352.179 2354.004 2350.943 2347.865 2349.547 2348.786 , 2348.985 2351.066 2349.985 2349.961 2346.836 2349.676 2350.303 2351.451 2350.772 2349.897 2350.627 2350.188 2347.190 2349.148 2348.983 2350.427 2350.888 2351.749 2348.697 2349.269
dotty, 10557, 2021-02-03T18:14:18+01:00, 9c962684c3, 2021-03-19T23:37:11+0100, 77821.196 42809.515 37742.026 37877.700 35415.121 35169.582 35852.188 34840.112 34660.013 35475.877 34552.069 34719.899 35540.010 34502.032 34455.756 35156.735 34417.390 34260.100 35021.116 34342.590 34216.480 35029.146 34227.913 34351.384 35071.042 34201.769 34237.449 34882.149 34106.307 34208.818 , 34892.881 34344.058 34285.314 35113.982 34183.057 34071.357 34991.571 34097.988 34094.802 34852.655 34106.928 34227.109 34858.378 34155.375 34158.183 34902.779 34194.623 34262.908 35004.927 34187.615
re2s, 10557, 2021-02-03T18:14:18+01:00, 9c962684c3, 2021-03-19T23:41:28+0100, 11875.635 4917.784 3590.149 2965.094 2677.811 2343.309 2280.282 2246.498 2191.110 2121.788 2088.103 2063.670 2012.386 2033.121 1987.029 1963.580 1926.675 1919.638 1917.460 1913.991 1899.968 1929.946 1899.391 1884.660 1860.285 1858.827 1855.765 1845.816 1846.565 1887.492 , 1853.842 1838.319 1821.225 1825.535 1823.861 1829.001 1843.907 1867.833 1831.411 1825.104 1824.676 1825.247 1821.420 1808.953 1815.445 1836.792 1814.837 1822.780 1796.302 1814.295
scalap, 10557, 2021-02-03T18:14:18+01:00, 9c962684c3, 2021-03-19T23:45:55+0100, 12863.947 4936.042 3708.758 3221.018 3083.919 2943.049 2737.326 2510.732 2395.630 2288.675 2240.516 2112.739 2068.474 2004.774 1972.878 1995.475 1883.884 1889.653 1881.241 1841.511 1844.682 1816.212 1805.706 1772.478 1786.722 1798.822 1717.273 1736.225 1725.039 1718.445 , 1744.784 1701.300 1708.140 1697.655 1694.472 1709.676 1671.684 1648.379 1762.008 1645.304 1661.333 1630.703 1658.003 1646.952 1654.627 1607.401 1598.669 1604.431 1590.139 1624.027
stdlib213, 10557, 2021-02-03T18:14:18+01:00, 9c962684c3, 2021-03-20T00:05:11+0100, 49099.259 27391.448 22791.531 21202.839 20711.578 20788.696 19845.700 19716.043 19582.986 19611.668 19793.534 19347.828 19190.399 19276.926 19185.739 19385.203 19156.642 19240.554 19190.324 19139.071 19380.903 19146.449 19153.565 19142.843 19034.485 19210.394 19091.134 19083.028 19004.667 19006.839 , 19309.117 19051.168 18981.711 19069.756 18987.885 19168.608 18958.808 19000.273 19021.243 18959.693 19150.358 18998.760 19066.334 18993.019 18926.921 19229.704 18952.975 19060.710 19046.993 19005.295
implicit-cache, 10557, 2021-02-03T18:14:18+01:00, 9c962684c3, 2021-03-20T00:08:42+0100, 2892.411 436.289 311.459 253.695 211.629 169.383 147.148 137.736 128.514 123.748 124.516 117.134 115.712 107.330 111.297 105.225 103.194 102.763 99.711 99.572 97.923 98.831 94.606 95.431 94.974 94.352 94.881 100.992 93.939 93.324 , 93.334 90.164 92.635 90.307 91.897 88.978 90.778 89.867 90.212 89.332 88.226 89.592 86.685 87.855 86.983 88.549 85.481 86.397 85.774 85.813
implicit-cache-from-tasty, 10557, 2021-02-03T18:14:18+01:00, 9c962684c3, 2021-03-20T00:14:40+0100, 2423.847 411.086 254.783 213.254 179.346 156.239 119.078 107.936 98.763 94.899 92.236 87.213 86.206 81.250 83.441 79.803 77.401 77.880 76.226 76.785 75.076 74.298 73.358 73.772 72.697 72.950 75.732 73.230 71.687 72.525 , 70.732 71.145 70.971 71.652 70.213 70.663 70.154 70.692 68.630 70.002 68.273 69.746 68.729 68.598 68.828 67.945 67.215 68.012 67.169 67.809
implicit-scope-loop, 10557, 2021-02-03T18:14:18+01:00, 9c962684c3, 2021-03-20T00:18:05+0100, 2989.227 448.351 319.439 252.401 216.838 175.466 155.601 142.033 133.039 126.005 123.180 117.920 119.841 112.775 111.860 104.866 103.280 105.350 102.931 101.873 99.195 99.752 96.915 96.040 97.414 96.385 94.744 100.884 94.487 94.039 , 93.895 91.718 91.910 90.595 91.035 91.546 89.361 89.856 88.999 89.869 90.511 89.118 87.536 87.916 87.834 88.090 88.055 88.405 85.974 86.666
implicitNums, 10557, 2021-02-03T18:14:18+01:00, 9c962684c3, 2021-03-20T00:24:56+0100, 5474.819 1806.931 1236.437 1061.656 866.970 652.311 511.089 451.916 440.769 390.182 359.899 361.317 355.913 352.611 351.415 344.613 337.838 352.547 343.114 338.504 336.586 336.001 331.890 330.795 338.163 326.448 327.589 328.132 322.052 328.893 , 322.485 319.906 324.878 319.688 319.070 325.648 316.496 320.142 317.243 315.712 322.638 317.289 318.582 314.182 314.618 318.717 315.198 314.662 318.340 313.212
implicitNums-from-tasty, 10557, 2021-02-03T18:14:18+01:00, 9c962684c3, 2021-03-20T00:30:58+0100, 3826.865 1119.848 668.878 467.777 311.380 264.113 225.899 227.279 209.793 188.155 190.533 189.009 185.580 178.612 187.391 175.829 174.394 176.572 173.432 172.815 168.729 167.791 171.340 165.452 169.277 167.079 163.370 164.194 163.001 162.396 , 160.770 162.760 161.518 159.730 162.126 158.965 160.138 158.235 160.776 158.170 160.557 157.647 158.106 161.930 156.810 158.482 158.571 158.908 156.124 157.502
find-ref, 10557, 2021-02-03T18:14:18+01:00, 9c962684c3, 2021-03-20T00:34:27+0100, 2497.487 291.705 189.848 146.265 114.603 92.469 77.759 73.315 70.696 66.950 67.412 65.565 61.233 61.074 57.371 58.745 55.381 55.781 53.505 53.458 52.432 52.132 51.107 50.695 50.153 50.563 49.710 49.266 51.144 49.673 , 48.708 48.861 48.137 47.540 47.693 47.685 46.879 47.325 46.762 46.571 45.890 45.697 46.106 45.920 46.050 45.145 45.409 45.351 44.919 44.491
patmatexhaust, 10557, 2021-02-03T18:14:18+01:00, 9c962684c3, 2021-03-20T00:40:40+0100, 5013.150 1545.067 1190.688 950.227 783.833 660.580 574.261 479.360 427.731 403.642 379.786 349.629 348.215 354.058 352.389 350.337 340.919 353.079 338.236 329.528 4989.587 1489.951 1137.343 904.841 739.226 625.460 546.712 479.693 438.355 415.604 407.637 385.640 374.950 369.764 347.089 329.756 331.850 322.512 311.157 304.877 4980.425 1587.574 1235.298 1064.671 903.472 755.365 655.421 552.202 484.691 434.009 400.726 362.170 338.005 336.463 347.467 335.263 336.299 336.229 341.753 334.834 , 318.599 316.456 302.566 299.185 298.693 287.944 283.384 286.476 277.954 278.982 275.877 271.682 265.379 271.510 259.851 257.822 263.115 254.369 253.723 255.337 256.322 252.625 247.922 258.615 247.091 253.361 247.306 244.899 256.653 242.991 240.688 245.197 242.009 247.900 237.848 238.772 244.848 239.395 237.397 234.341 307.242 293.187 290.461 286.656 283.403 276.389 276.253 270.439 271.980 277.091 264.163 260.633 269.691 269.850 261.032 256.633 254.913 252.846 255.105 256.481 248.546 252.303 250.576 243.093 247.673 240.575 242.722 243.046 242.499 244.292 240.977 239.969 243.019 234.724 239.702 235.778 234.025 237.626 234.732 235.044 329.325 327.076 315.981 306.900 301.960 294.267 291.589 292.466 280.960 279.228 271.009 281.257 272.447 268.415 267.952 258.495 259.145 263.386 256.708 261.828 264.670 252.723 251.260 259.039 253.370 248.794 252.249 245.368 242.981 253.740 244.281 244.882 244.803 251.207 254.264 239.219 238.133 243.937 238.219 237.756
exhaustivity-I, 10557, 2021-02-03T18:14:18+01:00, 9c962684c3, 2021-03-20T00:46:49+0100, 4341.060 1236.951 901.561 706.385 611.543 530.620 448.753 378.782 344.870 316.756 277.546 260.810 252.837 234.267 230.887 219.063 216.501 212.010 208.369 211.615 4282.908 1276.515 922.712 724.094 650.192 574.431 478.319 416.283 374.058 360.605 324.927 299.449 291.516 274.840 260.776 255.950 239.004 240.264 223.191 223.810 4331.872 1279.345 918.107 720.236 614.734 556.648 450.589 389.571 350.092 322.179 287.200 255.339 242.548 229.306 232.534 227.984 237.830 219.304 216.402 220.233 , 209.517 204.632 206.370 201.262 199.966 198.551 197.264 191.074 186.663 188.344 186.085 186.996 183.613 187.410 178.718 177.836 181.595 179.975 181.943 177.501 179.256 175.116 177.335 174.021 175.591 175.774 177.078 175.837 172.144 170.621 170.380 174.452 169.737 169.967 169.732 165.979 170.248 167.404 167.493 165.592 235.428 221.325 220.011 221.645 214.860 215.116 208.997 209.391 213.400 203.771 205.150 203.972 201.198 201.743 200.278 197.588 197.369 192.982 192.966 189.198 190.269 186.677 185.646 188.424 185.046 187.031 187.056 186.199 185.420 187.061 184.006 184.072 183.396 179.105 186.528 180.780 180.973 179.532 179.828 179.708 212.196 203.973 206.097 200.517 201.985 192.669 193.117 189.692 186.213 188.690 187.512 191.105 187.488 192.177 182.184 181.807 185.741 180.996 182.543 178.659 179.971 175.953 178.263 174.110 175.434 176.486 176.604 176.561 173.188 176.423 171.962 177.352 172.862 171.380 173.018 168.607 171.089 170.467 171.586 166.495
exhaustivity-S, 10557, 2021-02-03T18:14:18+01:00, 9c962684c3, 2021-03-20T00:54:23+0100, 4852.592 1734.309 1204.612 1129.621 1081.209 1109.625 1096.192 1043.181 1016.437 1005.424 992.996 975.958 954.066 938.270 939.069 925.416 920.780 917.427 904.750 902.939 4894.623 1448.365 1167.471 1084.696 1032.015 1000.696 941.942 919.722 896.986 873.930 862.700 854.721 847.269 839.228 834.142 824.185 820.744 821.389 815.702 815.473 4890.939 1962.665 1251.864 1194.218 1151.787 1146.123 1107.991 1077.392 1073.130 1043.217 1036.009 1025.679 1011.554 1000.554 995.579 976.089 983.175 967.921 961.036 953.345 , 905.075 896.046 894.529 893.256 888.078 884.121 882.175 882.098 879.176 877.191 880.089 878.308 880.501 874.192 878.039 873.512 874.603 876.157 870.799 870.132 867.816 867.736 867.608 866.240 863.390 862.877 863.174 864.063 859.031 862.965 866.969 859.500 860.839 859.389 854.691 858.586 854.663 856.270 860.121 856.011 814.405 811.838 810.833 805.767 805.256 801.997 797.621 800.015 799.186 794.714 796.790 794.895 795.163 790.537 795.587 789.472 792.247 790.939 793.344 789.267 791.098 784.705 785.690 790.470 783.091 787.342 784.168 786.002 780.560 781.310 782.583 779.976 779.787 778.594 777.677 777.931 777.540 776.432 774.226 780.460 945.673 949.631 940.228 932.797 934.728 930.565 926.039 924.558 930.796 923.276 917.847 920.330 917.817 912.667 916.214 913.880 907.513 904.225 913.338 910.885 904.239 902.694 911.050 907.033 905.927 903.028 905.702 904.255 904.335 902.894 902.855 903.386 904.953 901.122 901.030 898.141 900.614 898.857 895.692 895.928
exhaustivity-T, 10557, 2021-02-03T18:14:18+01:00, 9c962684c3, 2021-03-20T01:00:37+0100, 4260.686 1446.040 825.985 609.276 560.045 523.496 495.118 467.646 464.873 441.725 428.798 425.016 421.808 420.946 416.256 416.176 413.135 403.772 409.573 402.644 4392.525 1380.254 766.982 626.341 568.767 520.344 490.334 469.460 462.150 431.865 424.751 417.428 413.036 403.333 400.728 396.704 392.361 388.915 386.508 380.506 4264.070 1483.478 811.794 636.824 561.562 527.154 503.883 485.063 472.739 437.680 436.745 430.209 421.455 420.090 414.237 411.826 408.412 410.313 409.625 402.684 , 398.487 398.497 395.724 405.041 389.798 391.411 385.871 382.744 382.553 381.167 377.684 377.788 374.247 374.151 374.180 375.447 372.273 370.757 370.582 372.376 369.931 371.187 368.345 368.550 369.506 371.795 367.722 365.326 368.073 366.312 366.239 366.001 366.050 364.419 365.397 368.239 364.468 364.224 364.261 366.645 382.889 379.622 372.811 375.005 373.938 368.360 368.170 368.457 363.674 365.645 363.687 363.692 360.736 360.333 359.115 358.802 357.470 358.099 357.491 356.534 355.233 356.304 354.585 355.534 355.495 359.888 352.855 352.476 354.839 353.589 353.990 354.483 353.547 354.437 353.758 353.558 354.350 352.090 350.077 353.953 402.301 400.091 394.734 396.103 399.784 390.151 386.065 388.986 386.768 384.955 384.556 382.898 379.076 379.000 381.117 376.206 376.664 376.553 373.451 373.480 373.396 373.914 371.461 372.403 370.317 376.166 369.830 368.587 371.601 368.558 368.551 368.261 367.870 365.337 367.219 366.560 367.149 366.204 365.443 367.402
exhaustivity-V, 10557, 2021-02-03T18:14:18+01:00, 9c962684c3, 2021-03-20T01:07:48+0100, 5267.061 2429.655 1905.574 1845.800 1779.028 1730.141 1691.491 1653.184 1642.698 1625.510 1616.801 1599.123 1595.076 1598.228 1583.906 1563.582 1545.066 1559.039 1555.589 1544.203 5340.477 2527.702 1867.716 1812.236 1729.293 1707.804 1665.837 1652.228 1648.989 1623.394 1604.632 1587.112 1600.697 1583.600 1576.833 1550.252 1539.750 1548.046 1540.934 1537.762 5356.593 2076.802 1714.875 1671.466 1597.254 1583.094 1551.825 1509.268 1490.120 1491.485 1462.783 1449.508 1447.846 1447.238 1442.247 1421.136 1403.048 1402.433 1407.115 1401.436 , 1541.405 1544.590 1539.611 1531.559 1534.143 1525.067 1520.770 1532.168 1524.734 1524.838 1518.787 1523.450 1518.478 1508.524 1507.972 1509.466 1515.060 1508.413 1508.126 1494.319 1492.308 1515.456 1518.217 1498.297 1497.428 1502.649 1528.316 1506.005 1489.179 1495.851 1506.176 1508.716 1494.922 1496.500 1494.676 1491.791 1489.085 1502.813 1491.598 1481.641 1537.641 1527.395 1524.842 1530.674 1518.828 1511.443 1520.279 1518.020 1514.468 1509.716 1518.392 1516.558 1508.027 1496.080 1492.164 1503.979 1499.905 1490.116 1492.277 1486.035 1495.639 1495.705 1507.704 1481.402 1489.691 1492.509 1503.049 1487.345 1477.853 1492.193 1488.726 1490.920 1478.788 1498.165 1487.649 1487.988 1476.665 1481.861 1484.858 1478.282 1403.756 1387.355 1374.169 1391.413 1390.754 1378.162 1368.264 1387.752 1392.460 1375.386 1379.970 1361.127 1382.198 1382.202 1372.208 1374.104 1353.910 1363.302 1387.535 1362.784 1369.072 1362.927 1370.049 1359.775 1360.552 1349.963 1357.414 1356.011 1357.808 1361.357 1357.716 1356.252 1340.512 1359.752 1372.598 1345.704 1345.358 1354.543 1358.482 1341.982
i1535, 10557, 2021-02-03T18:14:18+01:00, 9c962684c3, 2021-03-20T01:13:43+0100, 3376.527 653.609 447.176 363.371 309.208 260.847 209.146 185.394 175.876 163.163 157.793 158.135 148.209 146.735 148.776 141.896 144.794 135.170 130.851 132.089 127.482 129.829 127.851 125.046 127.578 129.528 123.939 123.871 120.894 123.373 , 117.060 120.096 115.580 115.180 116.587 112.966 116.462 111.280 113.530 110.966 111.831 112.248 110.642 112.810 108.968 113.764 108.140 109.398 107.663 113.850
i1687, 10557, 2021-02-03T18:14:18+01:00, 9c962684c3, 2021-03-20T01:17:10+0100, 2644.198 350.942 254.291 200.855 163.237 129.767 100.399 87.513 81.440 75.030 72.300 71.933 67.031 67.348 65.236 67.325 63.189 62.902 63.203 61.847 61.803 61.548 60.172 60.436 58.816 61.454 57.864 60.553 57.782 56.574 , 56.760 55.967 56.894 55.610 55.712 55.899 55.491 55.227 55.375 54.664 54.602 54.913 54.497 54.548 54.551 54.974 54.454 54.712 53.882 54.919
empty-class, 10557, 2021-02-03T18:14:18+01:00, 9c962684c3, 2021-03-20T01:20:29+0100, 2107.977 119.871 73.743 59.196 48.558 42.200 39.285 37.277 35.645 32.637 32.115 30.934 31.279 29.061 28.217 27.815 27.117 26.327 26.646 25.937 25.861 25.564 25.746 25.259 25.162 25.145 24.910 25.115 26.182 25.060 , 24.439 24.580 24.262 24.475 24.365 24.069 24.198 24.229 24.207 24.049 23.995 23.752 23.605 23.871 23.501 23.665 23.817 23.465 23.660 23.505
empty-object, 10557, 2021-02-03T18:14:18+01:00, 9c962684c3, 2021-03-20T01:23:59+0100, 2354.413 204.812 140.015 107.754 92.037 74.576 67.411 63.492 57.414 54.782 53.367 51.674 49.513 50.025 48.066 45.596 46.574 44.622 44.803 43.597 43.162 41.995 42.457 41.662 41.856 40.593 41.306 41.296 42.636 40.199 , 40.760 39.846 40.317 40.278 39.713 40.109 39.326 39.723 39.002 39.580 39.169 39.683 39.135 39.055 39.116 38.522 38.877 38.783 38.680 38.457
empty-file, 10557, 2021-02-03T18:14:18+01:00, 9c962684c3, 2021-03-20T01:27:17+0100, 1377.208 30.551 16.077 10.842 9.542 8.960 8.368 7.713 7.685 7.220 6.869 6.554 6.529 6.327 6.326 6.360 6.201 6.098 6.071 5.968 6.027 5.978 5.798 5.784 6.000 5.772 5.749 5.768 5.721 5.741 , 5.759 5.715 5.721 5.884 5.675 5.919 5.868 5.698 5.718 5.628 5.408 5.389 5.447 5.511 5.365 5.345 5.343 5.392 5.346 5.361
power-macro-power-inlined-1, 10557, 2021-02-03T18:14:18+01:00, 9c962684c3, 2021-03-20T01:33:14+0100, 2762.499 299.913 201.758 162.558 134.173 114.438 107.500 98.202 95.821 91.520 90.081 84.139 83.717 76.560 76.256 74.535 72.973 71.865 72.112 69.943 69.773 68.050 69.904 66.879 67.926 66.510 67.648 68.571 65.771 65.680 , 64.420 65.826 64.118 65.554 64.247 64.121 64.009 63.365 63.359 64.713 62.751 63.249 62.673 63.444 62.687 62.759 63.072 73.956 62.425 61.959
power-macro-power-inlined-1k, 10557, 2021-02-03T18:14:18+01:00, 9c962684c3, 2021-03-20T01:39:18+0100, 4269.108 1043.614 738.278 582.902 505.979 395.504 343.148 314.162 275.606 265.331 254.586 243.504 225.966 229.730 207.252 201.944 200.288 201.530 192.162 192.054 187.905 190.762 187.983 192.322 187.748 185.331 182.878 184.567 184.652 182.524 , 179.843 181.074 179.972 180.172 183.927 178.218 179.935 176.723 179.217 176.488 179.210 176.721 176.720 174.958 177.121 179.185 175.767 176.341 174.189 179.558
quote-string-interpolation-matching, 10557, 2021-02-03T18:14:18+01:00, 9c962684c3, 2021-03-20T01:46:26+0100, 4444.245 1244.634 852.845 560.543 479.601 452.824 442.500 441.450 448.974 430.671 426.649 419.291 422.164 419.647 419.916 411.046 413.558 411.920 407.192 410.320 404.250 401.011 405.150 404.714 402.777 403.054 400.695 399.704 403.352 397.396 , 397.569 398.616 397.911 394.916 393.759 393.004 393.067 390.492 397.347 395.071 394.328 393.288 390.462 391.243 389.368 387.705 388.347 386.509 389.519 389.695
tuple22-creation-apply, 10557, 2021-02-03T18:14:18+01:00, 9c962684c3, 2021-03-20T01:49:57+0100, 2813.213 408.058 258.569 205.872 169.516 145.393 101.385 89.890 84.276 81.890 79.704 80.227 78.453 77.351 78.458 74.250 72.544 70.771 70.986 69.472 69.276 68.160 68.527 67.748 66.808 68.475 66.485 67.376 65.273 66.036 , 65.850 65.204 64.362 64.160 63.194 64.535 63.231 63.449 62.307 63.740 62.030 62.594 62.417 62.035 62.171 61.452 62.201 61.378 61.801 61.520
tuple22-creation-cons, 10557, 2021-02-03T18:14:18+01:00, 9c962684c3, 2021-03-20T01:53:19+0100, 3268.666 636.872 461.753 388.799 343.907 305.563 257.710 220.031 192.913 173.167 151.648 132.960 130.078 122.063 121.554 116.124 124.978 117.770 114.625 115.824 115.099 114.905 111.138 111.681 111.756 109.215 109.525 107.464 107.821 107.307 , 105.278 105.276 103.051 106.036 102.281 103.122 101.461 101.891 100.613 100.467 102.424 99.617 100.975 99.928 99.345 100.767 99.082 97.539 97.381 97.486
tuple22-tails, 10557, 2021-02-03T18:14:18+01:00, 9c962684c3, 2021-03-20T01:56:48+0100, 3110.017 580.352 422.789 325.627 261.839 214.735 172.331 156.510 149.461 140.248 132.728 128.728 127.023 129.761 123.514 125.548 120.853 120.096 116.744 115.265 114.499 110.985 115.071 107.094 110.042 106.587 107.323 107.435 107.493 104.450 , 105.423 103.439 105.809 103.106 103.984 102.323 101.515 103.012 102.771 103.642 99.012 102.588 99.477 101.403 99.397 101.240 98.895 99.106 98.748 98.442
tuple22-apply, 10557, 2021-02-03T18:14:18+01:00, 9c962684c3, 2021-03-20T02:00:11+0100, 3093.038 544.504 373.708 296.830 241.347 200.921 159.353 149.798 148.313 141.274 134.144 127.899 121.618 118.735 115.225 118.028 107.881 106.210 107.672 104.284 104.236 102.960 102.849 102.029 99.766 101.547 99.857 99.829 98.201 100.768 , 98.119 97.603 98.169 96.975 96.702 95.254 96.804 94.271 96.238 94.370 96.067 93.236 94.504 94.419 93.761 93.051 92.981 93.981 91.975 91.655
tuple22-size, 10557, 2021-02-03T18:14:18+01:00, 9c962684c3, 2021-03-20T02:03:41+0100, 2906.176 420.899 277.893 216.519 178.847 145.473 126.683 121.820 113.366 106.804 104.991 104.160 100.396 95.911 93.640 92.076 87.560 85.627 83.357 82.706 81.661 80.724 80.653 79.363 80.857 79.410 80.219 77.776 78.800 77.301 , 77.757 75.618 76.338 74.769 75.607 74.809 75.143 73.691 74.771 73.717 74.751 73.538 73.614 73.200 74.839 73.637 72.423 73.411 72.947 73.050
tuple-reverse, 10557, 2021-02-03T18:14:18+01:00, 9c962684c3, 2021-03-20T02:06:35+0100, 1152.084 879.163 766.953 849.372 790.748 790.932 790.054 791.060 790.190 791.449 791.439 790.526 791.518 790.157 791.425 790.579 791.973 790.778 791.551 790.919 , 792.290 791.288 791.153 791.327 791.699 791.335 791.154 791.252 791.424 791.129 791.553 791.397 791.661 791.307 791.245 791.078 791.227 791.258 791.432 791.496
tuple-flatMap, 10557, 2021-02-03T18:14:18+01:00, 9c962684c3, 2021-03-20T02:09:38+0100, 3660.982 2621.851 2301.096 2307.945 2302.110 2300.253 2301.271 2490.724 2295.327 2298.756 2298.089 2298.504 2296.069 2295.819 2298.503 2298.704 2298.209 2295.448 2296.997 2297.406 , 2295.833 2298.496 2296.717 2296.912 2294.271 2299.495 2295.265 2296.628 2295.282 2300.655 2294.157 2299.379 2295.491 2294.459 2295.486 2300.421 2296.279 2301.041 2295.541 2297.993
